geoid,X,Y,HIV_Case,HIV_Rate,M_housing_costs,%_with_4year_college_degree,%_unemployed,%_manufacturing,%_below_poverty,%_houses_30_old,%_households_moved_<10_years_ago,%_>_60_years_old,%_service_industry,%_vacant_housing,%_owner_housing,%_multiunit_structures,%_<_18_years_old,%_black,%_white,%_Hispanic,%_Asian,%_foreign_born,%_health_insurance,%_no_health_insurance,HIV_Case_log
10001,-73.9971,40.7507,4698,928,1817,37.86488741,3.51407959,2.138100245,13.26349351,60.68877731,56.76887872,21.04781016,10.45916579,12.09249699,26.16844984,90.29844743,8.650322806,6.163845751,62.91223172,14.15983249,25.18757634,32.34165067,94.26925762,5.7307423779999995,8.454892165218858
10002,-73.9862,40.7158,1230,885,980,21.85260311,4.91975093,3.74649433,27.65748561,88.29918262,34.45482611,28.25330364,25.20424338,6.113537117999999,13.3273703,78.60465116,13.28790687,8.378115291,32.22700785,27.18920433,41.45586921,41.8385716,91.50038018,8.499619819,7.114769448366463
10003,-73.9892,40.7318,1477,787,2190,42.43906266,4.026729365,2.383477881,8.453640255,90.23837285,53.66199083,16.92147325,8.048917452000001,15.39059464,32.93905987,93.91747053,7.090084488,5.811784499,75.91346329999999,8.240371603,13.48341319,19.87125562,94.86202203,5.137977973,7.29776828253138
10004,-74.013,40.7038,1271,35,3236,47.50687083,3.201970443,2.3728813559999997,2.1796565390000002,68.16269285,65.21164021,13.70541612,2.4213075059999998,22.44039271,38.27606992,94.57504521,11.39365918,1.6842800530000002,62.81373844,3.698811096,30.44914135,27.44385733,95.11494253,4.8850574710000005,7.147559271189454
10005,-74.0089,40.7061,946,64,3238,48.45126025,2.8770362589999996,1.7171868000000001,9.511946552000001,74.00179051,89.93646472,1.6645906469999998,2.6877706439999995,21.68307968,19.63877458,95.17604024,12.53538671,2.5025478430000003,73.42316838,6.884837504,16.95164761,22.31910316,97.39884393,2.601156069,6.852242569051878
10006,-74.013,40.7097,1287,37,3192,50.57301294,0.535296086,0.738150738,4.748118123999999,73.83696116,78.11233353,3.6479444119999997,4.662004662,23.43149808,17.05685619,92.30769231,12.99942096,1.0422698320000001,69.80312681,11.98610307,19.88998263,32.13665316,97.59116761,2.408832385,7.160069207596127
10007,-74.0075,40.7139,1658,98,3554,42.62633853,2.279329609,1.4686598480000002,2.3451399,41.38443256,57.8460039,9.853339028999999,3.8290060319999997,18.86512181,35.44489198,96.88758696,20.10536808,4.727324505,77.18923537,8.258578955,11.76135555,23.46575538,99.35195531,0.648044693,7.4133673356952405
10009,-73.9787,40.7264,1665,935,1639,37.64643473,2.9927833589999997,3.166126264,23.42697212,87.36458633,46.90132738,21.06862322,13.67219785,5.001118461,6.33073197,84.76856835,11.13163574,9.375917134,61.83340527,24.76823479,12.96849374,22.55848079,92.54516296,7.454837036,7.417580402414544
10010,-73.9826,40.7391,1532,457,2535,36.98819442,3.307472438,2.240365457,12.71720942,77.85810629,63.84681243,17.26652831,7.838849201,11.572700300000001,28.37705918,91.21415497,11.59205455,5.289060183999999,73.18114438,10.97835755,17.37029351,20.42691966,95.73295223,4.267047775,7.3343293503005365
10011,-74.0001,40.7417,4347,2064,2072,41.05265639,3.198517564,2.5528943930000003,11.08236483,84.13089269,48.49759125,23.20890791,6.195549889,13.58471534,37.58239495,90.46278495,9.278411793,5.585275004,79.90767158,11.30131558,9.167459185,23.75376446,95.35395853,4.646041465,8.377241230988792
10012,-73.9981,40.7256,1230,276,2243,44.5065379,2.864900809,2.444535744,11.64651414,90.45687447,57.62064891,18.92272863,6.368118324,14.31113009,18.03006395,91.88605598,8.449019692,2.780744095,74.37102217,6.38161548,17.32091752,26.65840844,93.83796963,6.162030367000001,7.114769448366463
10013,-74.0048,40.7201,1547,378,1998,36.31115870000001,2.898550725,3.3624397239999997,11.517408300000001,77.50282805,49.86558136,21.57163259,10.59559494,15.25735294,26.18054397,86.283998,16.76826082,4.3888676019999995,55.59580619,6.019018426000001,33.29269567,33.96844195,93.87425246,6.125747535,7.344072850573066
10014,-74.0063,40.734,2612,779,2242,45.10945068,4.48542024,1.8782574490000001,6.350251967999999,90.94329107,52.3707465,21.11393064,5.11358049,15.33602712,32.43732514,92.39124472,8.894527946,1.093109506,88.8606936,6.659509402,5.745331511,16.35109636,95.46740995,4.532590051000001,7.867871490396322
10016,-73.9783,40.7452,1578,806,2461,43.47098214,3.154326765,3.020300862,9.666606451,71.97875166,61.47897731,18.70066788,4.597633999999999,16.51942953,28.76953936,94.78489418,7.334939381,3.778130325,71.93332942,6.939303132,19.30783242,27.01098772,95.85156705,4.148432955,7.363913501405819
10017,-73.973,40.7526,924,145,2102,45.89790672,2.94065229,4.977127173,6.170495538,74.743083,60.06029119,26.81475856,3.238792315,21.69960474,43.61433619,90.18677436,7.353964939,2.341623948,73.93835833,5.898360863,21.21384722,32.28276691,96.58706113,3.41293887,6.828712071641684
10018,-73.9927,40.7552,8097,402,3057,35.39877301,3.031755542,2.61228231,15.46284765,33.11447811,81.93084774,10.39537525,13.18362359,14.22558923,9.067713445,92.95387635,6.348714772,4.810570868,59.78114999,15.18529989,29.90605967,44.99845153,93.03774715,6.962252846,8.999248901686114
10019,-73.986,40.7653,3247,1304,2116,36.89198569,3.981586656,2.586116637,12.26833245,64.73682619,59.50430436,21.12898428,8.006142463,23.12482994,19.91505427,90.93518955,7.148250692,5.8417042310000005,67.87405899,16.76772762,17.38095783,31.81474956,94.41920249,5.580797512999999,8.085486772102845
10021,-73.9587,40.7692,826,322,2140,38.91010066,1.7481775069999999,2.821560615,4.781495503,82.59299033,51.04321908,26.79000325,2.8838295389999997,18.65664356,45.01520243,94.57113138,16.11381586,0.908795846,82.26117062,7.928161852000001,9.375743806000001,20.88283025,95.14473777,4.855262227,6.716594773520978
10022,-73.9681,40.7587,1003,297,2104,39.47193255,2.117830262,3.515046237,3.7529396389999996,84.67735272,51.04833153,35.32208835,5.696622898999999,25.43584235,52.37963322,93.9941271,8.864257027999999,1.43935743,83.62409639,5.41686747,12.21204819,18.91405622,97.80949909,2.190500908,6.910750787961936
10023,-73.9827,40.7759,1130,618,2228,32.28521863,3.737986849,3.4924464360000003,8.219941637,80.39863106,50.57989373,28.20853688,5.16973979,18.79639449,41.79799958,91.61843706,13.63498038,4.1803475610000005,79.75494514,10.51013054,10.63025547,22.21350204,96.39099646,3.6090035410000003,7.029972911706386
10024,-73.9749,40.7921,1167,606,2230,35.30697102,2.391854765,2.7525639510000004,7.195515019,90.61177715,45.92430608,26.153794,7.441353295,15.517748000000001,39.45254078,89.42297659,17.12852325,3.876205488,83.09350689,10.88117151,7.243945018,19.04882968,94.63987502,5.36012498,7.062191632286556
10025,-73.9666,40.7986,1940,1638,1595,28.44751835,4.362728785,2.590851525,14.55099622,90.70286813,43.77012124,26.95975432,11.21557516,13.33567692,28.66380339,85.78859461,14.12747158,12.6469479,64.6355261,23.42115188,8.912235332,25.76262055,93.77204659,6.2279534110000005,7.570443252057374
10026,-73.9527,40.8024,3315,959,1264,23.30324657,5.170248911,3.14344899,25.19013361,69.92569188,39.35578254,14.8870767,19.70481616,9.554736411,15.21542243,70.34545219,19.25412189,53.40802276,26.44615502,21.31189188,5.863374235,23.94126464,91.73868085,8.261319152,8.106212902619962
10027,-73.9532,40.8118,2544,1322,1239,22.89115893,3.363079382,2.657807309,28.62899042,82.67562061,46.07097259,14.474499599999998,19.28030162,10.16750924,13.59455714,69.70727815,17.39945467,39.48069654,30.52921857,25.44927806,9.547933321,26.02869183,90.1127686,9.887231397999999,7.841492924460013
10028,-73.9535,40.7764,574,230,2242,41.79512491,2.2556855,2.9611554439999996,5.029511491,84.98430114,56.16062068,24.02443873,6.225680934,12.64534382,34.45374832,94.84161466,13.36178938,1.263783399,86.24066286,7.392295943,9.639486954,20.08662356,95.97309223,4.026907767,6.352629396319567
10029,-73.944,40.7918,2496,1603,947,18.54572907,7.187864643999999,3.0054040389999996,33.2097368,80.96634221,39.45446905,19.249469199999997,25.55383497,7.089245925,6.7813190279999995,66.74660776,20.09120947,31.03006395,33.79021822,47.89376484,9.465180849,23.42801864,89.16958382,10.83041618,7.822444729489319
10030,-73.9428,40.8183,3795,860,1046,18.48399982,8.829558999,3.121098627,29.40171513,73.09182209,42.25814168,16.74252058,28.89035764,8.637015782,11.54993719,67.28172111,17.62599558,63.05468175,16.85964795,25.61742855,2.0647881669999997,23.73335118,88.65315852,11.34684148,8.24143968982973
10031,-73.95,40.8253,2405,1173,1339,20.55947917,5.42849206,2.7871362939999997,22.41609172,95.61801529,41.80719058,16.6113453,29.74272588,7.7430468029999995,12.45047589,71.37392413,16.84701431,29.84366183,29.73578518,51.37418263,3.9499452319999997,39.45132273,83.50618084,16.49381916,7.785305182539862
10032,-73.9428,40.8388,2502,1248,1217,19.2871813,6.48073618,3.480452459,23.12070004,93.73615664,39.40171346,18.10033611,31.82213688,5.989191105,8.208462916,68.5844878,14.56647579,19.25339226,29.75538404,66.27972115,4.713369848999999,46.77424374,82.14153632,17.85846368,7.824845691026856
10033,-73.934,40.8505,1676,784,1405,21.74445189,6.876524275,3.878687848,19.59467521,95.99403674,36.91684261,18.91724126,27.76287738,5.491968837000001,10.45186241,68.52228781,18.10357844,10.39307464,40.50027681,68.51879813,2.207794387,46.85355747,88.30613733,11.69386267,7.424165281042028
10034,-73.92399999999999,40.8672,1711,569,1328,19.59721905,5.709816191,2.8131785139999996,19.5548378,95.48348348,37.57522041,19.69470986,30.63815727,3.333333333,9.319664492000001,70.77353215,19.66441389,11.57072943,38.36634817,69.73898858,3.073875553,44.38126311,86.63206172,13.36793828,7.444833273892193
10035,-73.9296,40.7955,3794,1090,933,16.728295199999998,4.641987744,2.638081395,37.55102041,68.10250467,43.13863261,17.49713231,26.55523256,7.1019251820000004,8.254782367999999,68.77599113,18.19097446,40.79120387,20.27250091,44.58215595,4.910052318,25.72531685,84.00067154,15.99932846,8.24117615049496
10036,-73.9897,40.7592,5252,1230,2181,40.63830721,3.672009418,4.899777283,15.25083856,47.51504121,63.09865454,17.32536095,10.90783752,18.18089893,9.670642032,92.44268677,7.886101794,7.211608575,63.14350299,21.54003208,19.02435467,34.46113461,92.87784117,7.1221588339999995,8.566364235422688
10037,-73.9374,40.813,4442,675,1152,21.25507466,9.722767612,1.0897586129999999,25.14370569,82.36794859999999,40.21367727,19.35758551,22.45137099,8.050647264,4.984071524,69.85921282,24.09290884,71.93339325,10.83778797,21.36808742,2.497752968,18.96021572,88.82431477,11.17568523,8.398860004454372
10038,-74.0024,40.7097,1061,198,1881,35.16176042,4.037522976,2.139611731,18.99258714,75.11945392,54.85849714,23.03508772,11.60677406,12.88395904,26.75808031,85.40646425,11.53508772,9.333333332999999,51.68421053,14.11403509,31.79385965,33.72368421,94.94200418,5.057995817,6.966967138613983
10039,-73.9362,40.8308,3513,709,949,17.77335104,8.610348113999999,2.194517975,25.82090091,77.27615378,38.52189781,14.49902618,26.80385962,6.106039032000001,13.514719,61.0793934,24.90442184,61.88415206,13.07437063,33.82384765,1.630238765,25.55723869,88.65407254,11.34592746,8.164225652265827
10040,-73.9305,40.8583,1538,554,1348,19.93854663,7.910561239,4.544098638,22.30390441,96.31987039,38.00255784,21.92456979,28.49259222,6.3707904179999995,10.37636734,72.29466658,17.41491104,9.77990173,36.101949700000006,69.48015526,3.040093334,47.65206076,89.06206801,10.93793199,7.338238150065589
10044,-73.9499,40.7619,1003,104,2503,24.77363656,4.887477565,2.802332142,11.61341379,49.69596462,62.99633627,25.44940935,5.1720895239999995,12.51151649,19.71356361,88.62679023,12.36945728,12.15545283,45.54014724,13.29395651,33.92398562,50.93305941,90.98439873,9.01560127,6.910750787961936
10065,-73.9631,40.7646,593,172,2386,38.58137666,2.368333885,2.3097080869999997,6.87336838,81.45679713,54.88348677,26.90953076,5.631056127999999,29.83550766,36.14254918,89.36944220000001,13.53303212,2.202141663,86.39581629,6.577964353,9.484506742,22.59418692,96.50546539,3.494534614,6.385194398997726
10069,-73.9903,40.7759,774,34,3251,37.40870976,2.279043913,0.0,10.26548673,2.91005291,70.65880039,10.65880039,0.7638888890000001,24.98530276,26.44984326,88.28369906,22.45821042,2.9105211410000003,62.04523107,1.120943953,30.63913471,30.24582104,97.41523068,2.584769316,6.651571873589727
10075,-73.9559,40.7731,392,91,1993,38.68479925,0.79920903,2.106786748,5.081541007,84.45908405,44.42857823,32.2787159,6.27211322,12.41368363,44.70321704,92.07974626,16.19038783,3.1406568939999997,85.34050844,14.24197439,4.857116348,26.38244572,97.47054462,2.5294553840000003,5.971261839790462
10128,-73.9502,40.7815,636,341,2194,37.71083326,3.3261666880000003,2.798433331,6.249576127999999,75.05892498,53.00536248,24.45659511,4.768121701,11.7821213,33.00316054,89.99706754,14.41373026,3.682327528,79.59869043,12.33124072,9.862292426,22.9326988,95.80877703,4.191222967,6.455198563340122
10280,-74.0167,40.7093,693,47,3291,44.00837989,3.2951945080000002,2.511981491,3.58056266,8.884218571,61.65814152,13.13938619,3.9001817880000003,12.87734047,27.03947368,95.30701754,20.69479966,1.960784314,78.43137255,8.802216539,15.70758738,31.02088662,96.07932876,3.920671243,6.541029999189903
10282,-74.0151,40.7164,477,18,3326,45.35433071,2.667423383,0.746003552,3.397103522,1.115107914,80.29679957,8.260325407,4.653641208,19.74820144,8.606006275,94.35230838,31.09243697,1.090649026,74.2535312,7.580904702000001,20.79384945,27.62381548,97.84335982,2.156640182,6.1675164908883415
10301,-74.0962,40.6282,1402,469,1419,19.88886316,3.315127651,2.21393187,23.04847875,86.25198582,42.64363726,21.54751762,22.5001529,11.46889894,45.46207468,51.99116571,21.95285674,24.96062789,57.52200966,24.761831,6.069759636000001,21.20930473,91.20623227,8.793767728999999,7.2456550675945355
10302,-74.1378,40.6306,1303,200,1567,17.08600559,2.45466986,2.8848675580000003,16.40547401,85.38606951,33.34439834,15.21094265,22.04301075,10.58601134,58.80630997,36.51000163,23.23665129,20.62184135,61.99736322,41.08437706,7.333553065,24.81322786,85.07526514,14.92473486,7.172424577124845
10303,-74.1691,40.6321,1031,215,1640,17.62325697,2.8068210110000003,3.77322352,25.31733746,51.44414169,39.78373769,14.53347208,29.19938709,11.10626703,60.7405591,26.44678764,27.25941342,35.34127259,43.95883917,38.93706402,8.116545265,27.34805565,88.26238486,11.73761514,6.93828448401696
10304,-74.0943,40.606,1438,499,1469,18.20613861,4.207688223,2.553919472,21.52083229,67.74355121,39.53296497,21.24001559,24.50662919,11.26972201,52.50493932,34.4552639,23.79456458,27.46201052,52.12107929,25.23621664,9.665400351,31.09292811,91.01270477,8.987295233,7.271008538280992
10305,-74.0754,40.5955,393,139,1499,21.07312852,4.325429892,2.238152566,12.85769065,63.39307941,35.24142926,21.77407915,20.772682500000002,8.744087627999999,65.95512514,34.39268908,20.99862878,6.548772992000001,73.7008842,16.36011159,13.02425647,33.6942645,93.23157337,6.768426634,5.973809611869261
10306,-74.1255,40.5716,299,143,1551,17.29754887,2.864281797,2.24609375,9.860198306000001,71.95054182,30.61888012,25.13642693,17.88736979,7.349263683999999,70.89018843,27.04553406,18.81938956,3.3401076360000004,85.73256558,14.70588235,5.910579202999999,23.11354484,93.87531233,6.124687671,5.700443573390687
10307,-74.2393,40.5077,277,32,1865,23.20023603,3.521856225,4.695625574,7.098052162,36.27504061,27.79314888,17.06932773,11.65494035,4.096733442,75.98795634,25.64922845,23.94957983,0.367647059,93.77626049999999,9.184611345,2.744222689,10.67489496,93.58814999,6.41185001,5.6240175061873385
10308,-74.1505,40.5516,163,38,1821,21.87283877,4.788930328,2.420419539,5.862468931,69.93979104,30.82230404,24.89895978,16.59087575,5.719851247999999,82.88880541,24.48347107,19.99602465,1.12303717,92.12880143,9.567349102,5.035446896,20.04571656,96.16777471,3.832225285,5.093750200806762
10309,-74.2206,40.5314,259,70,2328,21.79122233,2.124872653,2.329692531,9.228884706,20.78315789,27.27599964,21.86036802,13.99078225,3.461052632,85.84263782,21.50209351,22.42104321,0.873818258,91.82249262,9.26605231,3.596671737,15.61540067,96.58953088,3.410469121,5.556828061699537
10310,-74.1162,40.6324,913,182,1566,19.19994871,2.835725903,2.591990242,19.08538425,79.20221843,33.22214521,20.47115467,23.64301687,10.98549488,61.26288042,27.70189312,24.73132147,20.82366091,59.02759866,31.60089416,6.27203164,22.55180122,87.21448271,12.78551729,6.816735880594968
10312,-74.1817,40.5451,182,91,1897,20.46562117,3.3430272060000004,2.019305841,6.494034266,51.46672602,26.57724869,23.72167603,16.0692739,4.820832406,85.33345805,18.81956786,22.08581008,1.284397726,91.06752401,10.09701819,5.448567402999999,13.69106428,96.66784443,3.332155573,5.204006687076795
10314,-74.1665,40.5993,267,194,1669,19.65813302,3.130613292,2.695504205,9.546864193,64.37717927,33.02147256,23.75800178,17.47268737,5.729229289,74.36706843,26.97850902,21.43211291,4.244113661,73.06001476,15.12323575,16.5809103,25.45476581,94.04120386,5.958796144,5.58724865840025
10451,-73.9239,40.8207,3279,1215,1033,13.31109367,5.770296481,3.311330533,35.54787345,78.91269362,41.28795041,17.0655676,37.34657138,3.827197747,13.0105109,61.10442922,25.73120214,40.54353739,12.49424662,59.07360141,1.165320725,32.20846061,84.66334165,15.33665835,8.095293776844649
10452,-73.9235,40.8374,3733,2211,1139,11.13100828,6.848207637000001,4.156289964,37.15519754,80.53169131,39.51471526,12.14805857,39.93067241,3.668743778,2.686978489,55.07923142,28.82042115,33.18830674,12.60811273,68.11824706,1.45508557,43.91414075,82.79757473,17.20242527,8.224967478914584
10453,-73.9136,40.8523,3521,2174,1136,9.758305613,7.940840939,3.100516753,40.49521979,86.22853137,45.12518749,12.447554199999999,38.88981497,4.430424115,3.564879337,52.89738135,28.10969022,32.44227822,8.593573349,69.1543351,1.311458935,41.20920534,85.48525098,14.51474902,8.166500319155052
10454,-73.9166,40.8055,3250,953,769,5.9095698379999995,7.90219239,2.9931761789999998,45.93648942,81.34414001,43.76124856,12.04355679,38.69416873,5.558743365,5.217589428,52.84423179,29.81441248,31.69646363,13.1926812,67.9423082,0.48163756799999996,27.29628563,78.55119208,21.44880792,8.086410275323782
10455,-73.9086,40.8147,3596,1124,993,8.691923916,8.282279953,2.918149466,39.55214944,78.17602549,43.25351392,13.29612374,38.29181495,4.41391212,8.33275467,53.12825498,28.77279285,30.29349857,12.34775205,71.8302864,1.2818390370000001,32.99907764,81.97751066,18.02248934,8.18757739559151
10456,-73.9081,40.8299,3835,2588,1025,9.894759297,8.81712117,3.487710685,38.7368603,78.11988006,41.87773259,13.75427201,42.2686585,4.868774923,5.706115552000001,51.46877234,28.62191938,42.52796706,10.76864293,61.52858265,0.858646968,35.29474198,84.93990723,15.06009277,8.251924713801357
10457,-73.8987,40.8472,4273,2342,1161,8.51995324,8.222640989,3.918793071,38.11080287,81.46673368,48.0292564,12.87657269,39.63121624,4.766691151,5.837460421,54.72111716,30.69453014,40.18831988,15.36067817,66.56919817,0.9415993779999999,39.95761461,83.35478237,16.64521763,8.360071435644025
10458,-73.8882,40.8625,2753,1740,1227,10.10626178,9.35785371,3.753464273,35.26531218,90.4586461,51.33714371,12.31062411,37.50753103,6.0601886920000005,3.8853456489999996,55.28187083,27.09504526,19.87851358,17.73106241,69.75107194,2.952596475,40.64316341,82.76573202,17.23426798,7.920446505142607
10459,-73.893,40.8259,3924,1444,1048,10.63537761,5.672818735,3.167191719,34.26585071,63.23628597,43.18950842,14.26444127,36.77992799,7.924910072,11.44548895,49.89622757,27.21143306,34.43568902,11.61299663,67.89931956,0.7797150009999999,33.09755744,84.46687740000002,15.533122599999999,8.274866820685254
10460,-73.8796,40.8418,3617,1623,1087,9.228457988999999,10.27669073,2.308621538,36.70416447,75.91574238,43.88587888,15.86421309,41.05409154,4.730170566,10.54150565,53.58802524,26.738929499999998,30.30837745,15.74657592,69.50508361,1.58810184,33.47617847,86.54853111,13.45146889,8.193400231952097
10461,-73.8406,40.8474,1142,492,1390,16.57310362,5.688888888999999,3.495237685,14.83880108,90.84184051,48.64009093,21.04552316,25.42774641,6.6577896139999995,32.55666508,55.74047657,20.52514499,9.362834671,48.2044967,46.60761103,11.1225868,27.15897354,88.86984127,11.13015873,7.040536390215956
10462,-73.8588,40.8429,1928,1208,1347,16.02201614,7.762694217999999,5.112226328,19.46979119,92.08226221,46.50429274,17.23122622,27.11354988,5.06748072,22.340317499999998,62.92861253,21.90838501,28.27791964,23.18515816,47.53113763,12.61530043,31.21319506,89.54228736,10.45771264,7.564238475170491
10463,-73.9065,40.8808,1013,588,1271,20.92536847,5.873636651,2.249571584,17.24152967,92.86691356,45.52608273,25.36014574,25.19707119,4.307209822,32.14211003,69.55930549,21.0271861,15.08408072,44.99579596,51.10986547,3.734585202,33.03671525,91.76281973,8.237180266000001,6.920671504248683
10464,-73.8023,40.8691,1126,45,1441,22.97734628,5.1996985680000005,1.506906656,8.096526837999999,71.85906351,39.470108700000004,30.1082544,16.70154877,12.23922114,65.92709984,40.14791337,17.36580965,2.683806946,78.82273342,25.1917005,5.5254848889999995,12.04330176,91.22079879,8.779201206,7.026426808699636
10465,-73.8229,40.8239,752,271,1490,14.85863503,4.669332741,4.037932089,12.15165339,84.44365277,34.08338848,24.44519851,21.74977057,5.035031469,56.29611104,40.31511817,19.71722656,12.75421332,60.30087094,44.26648569,3.1059834860000004,15.37382649,91.06124565,8.938754351,6.62273632394984
10466,-73.8459,40.891,1959,1090,1450,16.23072601,7.190569745,2.916468537,19.69133559,88.93667861,39.03231202,18.53088481,31.310825800000003,5.599362804,38.77404657,44.11491731,22.54997999,73.08875674,11.08459002,22.03534817,3.011906897,42.2825922,87.54638725,12.45361275,7.580189417944541
10467,-73.874,40.881,3015,2369,1287,13.23197864,9.071782564,3.449337121,27.88663778,87.33713989,47.99255413,16.68434042,32.0999053,4.666493641000001,13.64205597,60.38059458,25.58226969,35.28226584,22.62464813,52.33293487,5.784136042999999,37.44071261,85.40504317,14.59495683,8.011355109161286
10468,-73.8998,40.8682,2411,1478,1237,10.67943438,7.799351422000001,3.59262088,32.08483929,93.94875522,43.11058775,13.70173052,41.65148934,4.277666727,7.593591009,56.02551447,26.99149364,21.01669485,12.62985238,75.76639923,2.899029842,46.54214401,81.63663232,18.36336768,7.787796878181171
10469,-73.847,40.8688,1426,793,1604,14.83535731,6.432984153,2.634953591,15.07986593,88.79496175,33.98342751,22.90374983,27.80593552,5.1101060910000005,50.9532294,37.12249443,21.01394341,54.28861513,18.80601056,28.99417896,6.547989712000001,40.27345336,89.46638016,10.53361984,7.262628600974241
10470,-73.868,40.896,1435,186,1385,20.22669361,5.386033176000001,2.274607113,12.37971391,94.22236102,42.85527861,23.30222913,21.85001379,5.121798876000001,36.57011192,56.68202765,18.83100052,39.05520995,42.58683256,21.09253499,3.4797822710000004,34.67470192,88.7057137,11.294286300000001,7.268920128193722
10471,-73.9015,40.8995,529,107,1431,23.13727952,5.827005612000001,2.683125893,10.01434415,93.52503103,44.89045258,32.87815126,13.21158947,11.06743897,48.76715515,70.19074203,15.86134454,11.79667519,68.65637559,22.84892218,6.238582388999999,24.57069784,93.67778145,6.322218554,6.270988431858299
10472,-73.8694,40.8296,2453,1301,1201,9.130084766,7.2346879820000005,3.833778057,34.42088091,91.01829685,44.89414878,15.89772661,35.1907079,6.433823529,14.26417508,54.16000366,27.08878423,27.35769521,14.928193499999999,64.54299669,6.658817373,40.98058027,78.56076656,21.43923344,7.8050670442584895
10473,-73.8587,40.8181,1727,828,1107,12.46794543,6.199021207,2.717028195,25.65827277,81.8765657,33.44293254,20.53213441,28.04774843,4.645866545,29.56293289,43.778361600000004,24.18091228,41.15653676,37.51446929,60.83812847,1.743025382,23.57697663,90.24863588,9.751364122,7.454141078146678
10474,-73.8846,40.8106,3226,312,1157,9.108288952999999,6.765724177999999,2.475372569,42.87111981,84.16523236,56.20602562,12.18768038,39.37863097,14.23653799,6.278669725,50.1146789,29.09210852,39.4326709,9.219097881,63.39572854,0.082460625,37.81644265,79.47201385,20.52798615,8.078998258685154
10475,-73.8249,40.8689,1156,415,852,18.36006577,5.731355582999999,0.6569418579999999,10.54834158,95.85429769,25.62916447,32.04267728,26.30871095,1.682389937,43.07265846,64.47038755,17.29309387,60.82438437,17.77911498,29.02703203,2.7911497869999997,26.33308647,92.45158632,7.548413678999999,7.052721049232323
11004,-73.7109,40.7481,175,22,1452,25.55690915,2.829478214,2.752676213,6.0330869410000005,96.13733906,29.51723176,29.55231719,11.21924093,3.3774958010000002,70.95403631,48.45500193,17.04082972,6.597085467,42.02441906,12.5771301,42.93028751,38.92608639,95.86874664,4.131253362,5.1647859739235145
11101,-73.9386,40.7471,2272,501,1762,28.65663549,6.126731011,4.244678123,18.55026491,61.80563816,59.60186160000001,13.30426389,17.01077199,21.67836327,16.93370795,77.70521679999999,18.14399361,15.68751456,42.98838332,26.32227141,22.774023899999996,35.77538861,92.5770504,7.422949597000001,7.7284157798410416
11102,-73.9259,40.7725,1062,318,1664,32.02650469,4.310576837,3.1197403219999997,17.51712385,75.90872747,53.94076552,16.13636364,21.36931955,19.601451500000003,13.31854345,81.43359853,15.16233766,9.623376623,59.11363636,30.75324675,15.097402599999999,40.05844156,86.74082713,13.25917287,6.967909201801884
11103,-73.9134,40.7626,927,322,1684,33.60049964,5.435098952000001,1.8108467430000001,11.99644878,90.98023979,49.39792464,15.23796348,19.48837849,13.04951155,16.18895627,81.56399617,12.177642500000001,2.659103486,70.92418373,22.70060874,14.88378528,42.31045932,85.95023283,14.04976717,6.831953565565855
11104,-73.9202,40.7447,1074,258,1539,29.42829457,4.517033204,3.170028818,12.02057819,95.57131600000001,46.80255949,18.63777327,19.88472622,8.439716312,19.77794991,83.32042344,15.74332861,1.876028944,66.84405988,31.4330564,22.08736935,47.14958459,82.32535576,17.67464424,6.97914527506881
11105,-73.9063,40.779,688,226,1679,31.11883347,3.730623748,3.1812919660000003,10.62707508,91.8544493,46.13345472,17.43352416,14.70710813,11.68659462,27.69641346,74.62084228,14.04954256,2.568080895,74.54657322,21.96779199,12.46054251,37.32812584,88.94533857,11.05466143,6.5337888379333435
11106,-73.9318,40.7618,1228,423,1576,33.66919393,5.593791185,3.997171812,13.4407479,85.97567369,47.00112769,18.03560723,19.07141174,10.915382199999998,17.82015066,80.63794727,14.67038553,7.108411751,54.04686808,28.26681959,21.07760081,40.54166775,89.03939083,10.96060917,7.113142108707088
11109,-73.957,40.7462,941,31,3151,40.22941417,3.232887647,1.9396022590000002,5.550911219,1.795376291,91.94114697,3.628155827,3.0935428430000003,27.3487457,9.851049425,96.1746784,14.56278214,4.547734493,67.09580338,5.567630831000001,25.07941816,37.92008025,92.31690281,7.683097186,6.846943139585379
11201,-73.9896,40.6946,1605,727,2318,35.67287089,4.052714575,3.0429392539999998,12.99846561,72.6423994,57.72230889,16.15172787,7.026935647,8.698480856,37.06488046,85.44910393,16.66109546,13.58897219,64.06570842,11.56741958,11.82687869,19.74436114,93.17864384,6.821356161000001,7.380879035564116
11203,-73.9344,40.6496,1799,1167,1417,15.74502654,5.243579976,2.051716087,16.33566926,89.49751019,31.62778079,23.86847093,30.99754845,10.23410722,40.6253377,46.07903174,21.03219308,89.02599038,4.413460392,6.422711429,1.896595141,51.4373567,88.34087752,11.65912248,7.4949862339505335
11204,-73.9848,40.6188,302,189,1399,18.66491618,5.001479054,5.612360827000001,22.75716574,90.32721903,39.89799768,19.31460937,23.67968319,8.281517177000001,37.06622601,62.62870217,28.24573255,1.1600717090000001,58.05035205,10.90701239,31.94938814,45.07131908,86.61342071,13.38657929,5.71042701737487
11205,-73.9662,40.6946,1413,453,1507,25.93576079,5.968006562999999,4.47081158,29.195583600000003,79.53464674,47.80599931,11.46882598,18.29615567,7.755887681,24.08862158,74.99079416,26.90821466,31.80574852,48.99704759,17.69928795,6.912122265,19.7269017,91.22231337,8.777686628,7.253470382684528
11206,-73.9424,40.702,1661,1073,1117,20.50307162,6.4114114110000004,4.26072079,36.55940875,71.86270023,41.78310122,13.91526786,24.39704178,5.287566743,10.54700084,68.01108176,28.17688938,26.49152792,47.21615412,37.12209533,6.854633328999999,21.46487227,88.44782282,11.55217718,7.415175109613295
11207,-73.8943,40.6708,2288,1713,1279,10.94542152,6.557969767,2.3391812869999997,28.89406645,79.06883134,43.3561361,16.78228156,33.15896776,10.80101972,25.39109507,54.33212996,23.788761800000003,64.33588483,14.53920758,33.27643196,1.413473666,32.61209933,89.2100823,10.7899177,7.7354333524996886
11208,-73.8711,40.6682,2030,1529,1354,10.60475828,4.493360605,3.676752202,25.7733952,79.81926896,44.26965375,14.27224812,30.968977399999996,12.93255053,26.03088779,54.062956400000004,27.2126495,54.39489155,25.89600649,41.30954794,5.697344415,38.59314819,90.57011136,9.42988864,7.615791072035833
11209,-74.03,40.6218,515,307,1481,28.408755100000004,4.496398685,3.6257727060000002,13.29286349,92.12292689,45.67657744,23.73431255,15.31145982,11.81711465,37.64207939,72.69686316,18.46804996,3.064489964,73.81026117,16.87239157,13.44216844,31.79961362,90.26829211,9.731707886,6.244166900663736
11210,-73.9463,40.6282,1458,733,1468,20.65842472,5.090034786,2.42144423,12.42578711,95.88859416,32.92277263,18.97076372,25.4434332,7.713030504,44.48735797,45.551713299999996,26.80041766,58.57995227,31.14110979,7.034606205,4.270584726,39.859785200000005,90.47728668,9.522713321,7.284820912568604
11211,-73.9534,40.7124,757,547,1818,32.74283381,3.8764900960000004,3.8119588589999998,26.21967332,66.28703747,47.56903203,12.41327565,13.69438472,6.942015972999999,16.46353849,83.29270770000001,25.23094013,6.4419628939999996,74.66089804,24.31692392,5.605901154,20.99021671,91.33877088,8.661229124,6.6293632534374485
11212,-73.913,40.6629,3512,2383,1029,10.46147461,10.43478261,1.7203002980000002,36.1356378,83.78959438,39.47195474,19.2154403,39.57067944,9.83517271,14.78031411,60.45336046,22.02359951,81.57251689,7.170018425,18.64178656,1.288434147,34.53160323,86.43020595,13.56979405,8.163940954755008
11213,-73.9363,40.6711,2556,1326,1292,17.94480655,6.247334755,1.589413247,23.602114399999998,91.67364474,38.81473327,16.36775021,28.74947486,8.883387338,15.59515723,59.82339074,23.75895618,67.59634965,22.42853911,10.64937024,2.0469115319999998,34.9030847,87.33001658,12.66998342,7.846198815497425
11214,-73.9962,40.5987,299,227,1366,20.62979592,4.68153366,4.583482302,17.51091183,89.88747409,43.89413083,22.15157188,24.66452151,5.439739414,33.28531613,68.61867034,21.101499800000003,1.467518774,49.24257096,16.43212188,37.50672433,55.74849913,83.80032431,16.19967569,5.700443573390687
11215,-73.9869,40.6625,723,395,2264,36.22791215,3.400804627,2.296676574,7.095924532000001,88.2373868,52.591190100000006,14.54472889,7.457443934,7.39003881,40.54828008,78.71485944,21.20702435,4.6083015,76.14601745,16.28941217,7.942300017000001,17.18883631,95.2162434,4.7837566,6.583409222158765
11216,-73.9493,40.6808,2452,1148,1488,28.92903226,5.021114556000001,3.085904921,17.36827084,88.31445019,49.391338700000006,16.1202671,18.82017066,11.71121622,22.12716475,72.20814818,15.07423457,56.97769411,28.97634439,10.79597926,5.194643745,26.17567664,89.4402812,10.5597188,7.804659297056102
11217,-73.9794,40.6824,1527,481,2086,33.20661471,4.870540753,2.422053902,14.62929786,82.26266397,50.3419939,15.44183351,9.820327638,9.540104734,29.90198888,79.81888004,18.29159321,19.71405801,57.98294974,18.52585312,7.571183616,17.30383752,94.34620515,5.653794849,7.3310603052186325
11218,-73.976,40.6435,553,334,1548,24.07989181,4.715074156,2.637614679,19.88556623,91.43131604,39.98699081,16.70022011,17.95328344,4.453410183,36.62028473,70.43352369,28.12718097,8.072958607999999,59.71976164,17.567241100000004,18.53492242,35.01368981,88.36675827,11.63324173,6.315358001522335
11219,-73.9967,40.6327,258,173,1420,12.05516286,3.9376826560000002,5.99452498,35.53024959,83.55506282,38.19620894,16.18796926,23.52392211,9.719142646,27.372083500000002,75.77568563,36.2288418,1.034030832,67.21866809,12.12070727,24.48131858,34.32626949,88.11883364,11.88116636,5.552959584921617
11220,-74.0165,40.6411,575,471,1347,13.88760869,4.605338154,7.187098282000001,29.383512699999997,90.0,43.35032729,15.89870665,34.75984574,7.5304576889999995,26.00149557,70.53377488,23.83760442,2.569973757,30.32631766,41.65490417,41.29209665,55.42381565,76.36262967,23.63737033,6.354370040797351
11221,-73.9279,40.6913,2631,1708,1476,21.00565994,7.616522075,3.071790436,23.17021865,78.89185849,47.2705314,14.36154351,23.15581367,11.28258183,21.52829516,61.88979949,20.30774736,48.99982108,27.67698455,34.33053021,3.3577861280000003,23.56414385,84.84071511,15.15928489,7.875119281040293
11222,-73.9476,40.7283,720,245,1950,39.09268648,4.078251674,4.076853016,10.57779487,84.46076329,53.37262787,14.77036063,13.18471614,7.504288165,17.91261011,86.38734353,11.13668749,4.357119368999999,81.91658446,14.24147758,5.044941357,25.71522525,89.42544942,10.57455058,6.579251212010101
11223,-73.9734,40.5972,425,279,1342,19.93790399,5.88642514,4.467766996,20.28008871,92.40094619,42.43199569,21.9393806,21.81407757,8.147710099,35.63917305,60.29043565,24.69158444,4.751250168,57.23385785,16.74675079,24.18051327,47.23984888,87.11951163,12.88048837,6.052089168924417
11224,-73.9886,40.5767,945,391,844,20.49298893,6.596713844,3.0267537910000004,27.87413928,86.8643651,31.19966554,32.63536515,25.28048329,7.912855316,27.78638184,63.455273700000006,19.97559252,22.46986533,58.10049885,20.37381977,5.928447556,44.51152932,89.98291850000001,10.0170815,6.851184927493743
11225,-73.9542,40.6631,2139,1026,1421,22.59267025,5.9701118929999994,2.0102126559999998,18.55415531,94.28537764,39.47337087,18.47763323,23.31135673,5.325792388,15.66894835,65.7913296,18.53197921,63.88030298,27.237525899999998,8.343806257,2.64936653,37.85876838,89.28634008,10.71365992,7.668093709082406
11226,-73.9567,40.6465,2500,2108,1382,18.66221808,5.554005889,1.9176477969999999,17.41379655,95.40708777,37.6660971,17.77775562,31.31182166,8.903107408,12.42479514,61.80001633,22.57945491,68.22601394,15.24576922,17.09763954,2.8880002389999997,44.60245121,84.44599411,15.55400589,7.824046010856292
11228,-74.0131,40.6167,293,105,1461,21.52323019,4.808362369,5.04,13.76822922,92.58315125,37.46290305,24.06543095,19.035,7.101238165,55.16137462,52.20828433,20.58496688,1.157932169,55.66742232,12.97506334,35.61141486,42.21896253,91.32587566,8.674124335,5.680172609017068
11229,-73.9445,40.6012,324,221,1317,22.64048747,4.670060896,3.376609355,14.60911271,94.28769937,36.48852947,25.26938946,21.55793679,6.518849686,47.18218833,54.99903057,21.29881002,5.961848951,64.63313999,10.81026132,22.17305507,47.08126532,90.06688629,9.933113707,5.780743515792329
11230,-73.9651,40.6222,488,340,1407,23.17347121,4.577035592,4.253766941,22.87867846,92.42893502,39.660104700000005,20.710637100000003,20.36813603,6.252491491000001,29.7330891,66.50529897,28.01010385,7.104125737,69.97810834,10.23744036,14.18018524,41.61436991,86.76255485,13.23744515,6.1903154058531475
11231,-74.0044,40.6776,1096,310,1970,31.41775131,6.441619055,3.283007397,15.34857869,85.33594028,46.04569885,15.00066059,9.479177222,6.967650196,31.32721946,74.04789199,22.79297133,13.90408244,65.89774078,18.62068966,5.641432157000001,16.86616462,93.79174378,6.2082562160000005,6.999422467507961
11232,-74.0053,40.656,1092,258,1467,18.36986724,5.174203969,5.8175137779999995,21.64781906,85.93733175,50.24232002,11.93754076,24.96172688,5.114676429,25.21561507,69.11030413,21.38250851,6.41982465,41.26874864,50.62676618,19.12180277,39.48264619,79.61467467,20.38532533,6.9957661563048505
11233,-73.9199,40.6783,2808,1516,1280,16.95871219,4.437728976,2.5358822819999998,28.12729274,81.64422837,43.39284529,15.967403899999999,29.248582799999998,8.548366991,22.68529562,55.98227978,24.97559198,78.79040342,8.762155196,15.98042151,1.718324894,24.26092503,87.66791547,12.33208453,7.940227765145702
11234,-73.9107,40.607,714,525,1740,20.44854485,5.625747871000001,2.271999268,8.006414355,90.83276873,27.79522284,23.87682144,20.98567702,6.221462869,68.00376944,35.35416994,22.67472247,45.81669559,41.55394811,10.4770765,6.701440428,37.63615077,90.80558879,9.194411206,6.570882962339584
11235,-73.9497,40.5839,367,256,1297,27.88095959,4.565609751,3.2095711939999996,19.38706926,86.56247346,40.96642758,30.31947573,21.776768,8.635578584,39.57358455,74.24773002,18.22010035,2.573981159,75.20223223,8.308160967000001,14.44424534,63.50732132,85.86421266,14.13578734,5.905361848054571
11236,-73.9015,40.64,1282,1009,1697,18.22534218,4.644347466,1.42982018,12.76193731,94.28723972,31.64545427,20.30678454,27.62654013,6.477084329,48.759089,48.17619133,22.36796205,86.39303904,5.859604707999999,7.1423587920000005,2.7110265019999997,45.65189224,89.37024177,10.62975823,7.156176637480615
11237,-73.9209,40.7042,1261,516,1492,22.01352137,4.961257912,4.315516507,29.93291601,86.41796853,46.01283418,9.776921517,24.99516198,6.932784788999999,9.964157706,70.62126643,20.93692963,13.52666802,42.05232204,62.97302778,7.373757857999999,36.80997769,75.65350666,24.34649334,7.13966033596492
11238,-73.9638,40.6792,1988,865,1830,33.89806842,5.1127666089999995,2.345865609,12.98792682,86.98730194,47.36210131,17.42757609,13.82328862,8.053339327,29.85293519,79.12168493,15.59955996,37.62559589,46.40264026,10.90392373,6.167950127999999,20.89475614,92.94060618,7.059393816,7.59488438721652
11239,-73.8824,40.6475,1460,170,715,12.091911,5.718978647,2.917594655,28.47526849,86.74231543,29.63047272,34.83086681,32.71714922,2.844010342,3.1785925489999998,70.12123004,19.96375717,60.33675627,30.63273935,18.92932649,2.265176684,29.58320749,94.445274,5.554725997,7.286191714702382
11354,-73.8272,40.7686,342,168,1370,13.43974684,2.89921635,2.9565360419999998,19.98988328,80.01777778,49.07442104,26.61413043,33.06468194,10.61333333,38.68834527,64.69769292,15.45833333,3.21557971,20.7826087,15.94746377,62.82971014,66.11413043,74.73376008,25.26623992,5.834810737062605
11355,-73.821,40.7515,322,243,1329,12.227697099999999,2.666513858,4.761771848,22.63594631,78.74277077,49.47004379,24.22420937,33.13143718,9.286277603,30.12388611,67.34405564,16.73530976,3.398760714,13.212867800000001,14.77125153,72.67386492,70.71475394,70.96250454,29.03749546,5.7745515455444085
11356,-73.8415,40.7849,423,83,1628,12.71772699,2.584792123,4.718847132,12.26540691,75.68885638,48.29345682,19.33481722,25.14834699,9.131919044,44.25063733,54.44787334,22.79342522,1.79351083,35.90874069,40.30904888,29.35108296,46.54995291,82.26203501,17.73796499,6.0473721790462776
11357,-73.811,40.7864,176,60,1623,23.52063481,4.4358517619999995,5.124483644,5.9587587179999995,87.14706066,32.92077336,29.29427096,13.94440103,9.127903337000001,77.43024457,39.88287978,19.60052128,0.649090271,70.10174929,15.63831387,22.11919202,33.56222746,91.85819177,8.141808229,5.170483995038151
11358,-73.7964,40.7605,241,79,1559,18.51878101,3.0115298569999998,4.0928318280000004,9.851951547999999,90.50239405,35.93771048,25.27830062,21.50451583,6.79625527,55.25992946,39.98619844,17.49663888,0.946490992,41.69669266,16.83517074,47.09599355,49.87899973,83.56134917,16.43865083,5.484796933490655
11360,-73.7808,40.7821,195,33,1595,29.86793312,3.3747126439999997,3.255492925,8.071428571,74.4658457,35.86773486,34.07573518,13.22903486,9.662140827,71.52510777,63.81218688,17.06844707,0.998929718,62.173181799999995,9.775240813,32.62830641,36.31313389,93.70114943,6.298850575,5.272999558563747
11361,-73.7724,40.7638,152,38,1712,24.57717729,3.309318807,4.791082238,8.74286354,86.08154429,36.675008399999996,26.04051971,16.91274177,9.561609237,57.35088769,49.06243766,17.33832489,3.802393012,48.63833223,12.88262497,40.87939514,41.65749101,90.17747320000001,9.822526797,5.0238805208462765
11362,-73.737,40.7565,142,22,1345,23.48286776,3.531179564,2.749586972,5.990957046,81.94815607,32.0633028,32.88820042,14.04295492,4.44949225,79.76506782,50.59432247,16.31323113,0.94012072,49.71956626,8.861706105,43.25623631,41.00742482,91.9797145,8.0202855,4.955827057601261
11363,-73.7464,40.7728,166,10,1960,29.93751183,3.9630440069999997,7.2085434589999995,5.9027276660000005,93.02155645,26.94188723,27.30149597,7.623850489,2.7767628789999996,75.46035325,32.09319805,18.92980437,1.7836593790000002,59.32105869,13.14729574,32.56616801,32.62370541,94.65110625,5.3488937519999995,5.111987788356544
11364,-73.7606,40.7453,156,47,1436,25.83619996,3.254530074,2.865585103,8.197167756,93.93577401,39.84315434,25.75123621,15.76629314,4.7572201530000005,73.72731297,44.08292755,19.6897245,2.613704287,39.96087594,9.579959789,52.10020105,45.01439983,89.13227372,10.86772628,5.049856007249537
11365,-73.7948,40.7398,332,120,1508,22.53754176,6.40332205,3.1794871789999997,11.87373299,86.73481956,40.82682161,21.79712336,20.72283272,4.107648725,47.35084452,48.97565988,20.42104795,8.480981704,33.41929173,19.709668100000002,44.85249983,44.93697619,87.70283002,12.29716998,5.805134968916488
11366,-73.785,40.7281,256,30,1763,27.11597202,5.784018722999999,1.579586877,12.00303176,92.34287987,38.24789277,24.66894198,19.27399757,7.856006364,70.55903302,24.54133391,20.59385666,5.242320819,42.96928328,8.860068259,45.56996587,49.56313993,93.14610498,6.853895017999999,5.545177444479562
11367,-73.8263,40.7304,402,136,1269,21.47783605,4.671033893,3.5321953689999996,14.23178743,91.38716618,40.711414000000005,23.63714614,20.00450679,7.7331983289999995,46.65294925,56.68038409,23.92645371,8.430566182,55.96547437,17.85099464,26.04007269,39.93400918,90.19815274,9.801847256,5.996452088619021
11368,-73.8526,40.7496,826,737,1585,9.379390938,3.6694140230000003,5.456557407999999,20.18046767,77.4158912,44.40376335,12.83878141,38.02991567,7.262315351,21.66514631,58.39239352,27.08116522,10.50033356,37.658883700000004,75.48854792,11.97509451,60.13520125,64.53511347,35.46488653,6.716594773520978
11369,-73.8728,40.7689,938,302,1517,11.45890382,4.906266232,4.880463998,15.54663391,92.10424561,45.20630701,20.39392696,29.27571085,20.39285438,54.48805129,50.56343501,21.38753737,16.25534908,28.82349493,63.60572132,12.33073451,55.26408347,79.79883836,20.20116164,6.843749949006225
11370,-73.8873,40.7758,3749,1325,1624,14.13690476,4.227895392,4.052506387,13.19955672,91.17816644,33.93807927,17.09417482,24.97577306,23.18854507,51.06968598,62.41711498,15.7593652,14.97508765,42.14799779,37.37774497,21.98745156,44.39626007,88.48069738,11.51930262,8.229244416735913
11372,-73.8836,40.7517,1687,965,1382,18.30508475,3.45268228,3.382624191,12.05939337,94.14744598,40.73225429,21.0125477,30.40297621,8.608051579,31.67464517,73.76333249,18.09714766,3.1902852339999996,57.31032922,57.56419378,20.52745618,58.38561542,81.32356916,18.67643084,7.430707082545968
11373,-73.8785,40.7388,886,762,1442,19.01597312,3.2400253739999996,3.492111782,15.647955800000002,88.72690787,45.51767609,19.82504496,34.49302447,10.62680753,29.43371306,68.88888889,19.76012856,2.131599391,21.66611683,41.39325508,48.62345291,67.02885055,75.62661635,24.37338365,6.786716950605081
11374,-73.8615,40.7265,668,257,1456,29.53377061,3.558495307,4.632810323999999,13.29825962,89.77782016,41.14858363,27.9534851,18.89332467,7.428244492999999,38.75154512,73.67119901,14.9461937,4.41000633,52.70672637,16.28724826,32.11497433,59.21506107,89.13605794,10.86394206,6.504288173536645
11375,-73.8462,40.7209,494,299,1546,31.74778956,3.639176645,3.127213293,9.073724008,94.36807347,44.79024043,26.79893316,12.34268592,6.870553556,50.81717747,73.33901452,18.596233399999996,2.732418898,60.7595798,15.74406706,28.04131287,44.69845417,94.02215346,5.97784654,6.202535517187923
11377,-73.9052,40.7448,812,627,1446,20.23033331,2.9492005389999996,4.412788999,11.24949172,89.86460463,43.22510219,20.21730829,26.1239805,6.971232187000001,30.85350318,72.40764331,17.11158168,2.660233045,48.89320883,38.06945071,37.15300679,58.52628412,81.35683945,18.64316055,6.699500340161678
11378,-73.9094,40.7248,393,116,1601,19.06144732,4.431885782,4.56,9.528187102999999,91.54350804,39.90282089,18.58955444,21.16,9.134164804,50.87273881,55.21263091,23.36704311,1.703371872,71.98690952,32.20848199,10.32753024,38.27892379,87.21849239,12.78150761,5.973809611869261
11379,-73.8796,40.7168,437,132,1523,20.84493965,3.8277716139999995,5.163324094,8.464067135,90.5775284,36.13178605,23.77480119,17.67487363,7.595456412000001,60.85604265,49.24466825,19.735277800000002,0.969591292,78.09304906,20.13421046,11.00631423,34.79960899,90.6332679,9.366732099,6.07993319509559
11385,-73.8902,40.7011,633,522,1501,17.42988174,3.7507793460000003,4.68571639,11.31293967,93.10893673,43.39305659,15.93373127,26.40387377,8.347031963,32.0901896,64.80954279,22.23919338,2.262994649,81.66927481,44.27223404,6.674662893,41.41327061,82.93515842,17.06484158,6.450470422144176
11411,-73.736,40.6942,993,159,1982,19.401709399999998,5.493822364,1.53950426,4.1871921180000005,97.93273681,19.64311551,25.15053712,26.23934934,3.270595495,85.96491228,7.4800637960000005,18.00664772,92.64897153,3.36721422,6.594729997000001,0.279396888,38.76872682,91.07156733,8.928432668,6.900730664045173
11412,-73.759,40.6981,1327,391,1993,14.52445129,6.4597953829999994,1.554432014,8.250656942,93.05029062,27.17737404,20.74056276,29.28141136,7.008676607000001,74.33644352,15.880061600000001,20.59106199,89.9727695,1.764643067,5.096374606,2.3786641040000003,35.72000641,89.815676,10.184324,7.190676034332207
11413,-73.7508,40.6698,1098,362,2000,16.83262532,5.447425103,1.41305441,7.9062366410000005,89.37094929,29.32780083,22.59029758,26.04847631,5.787266488999999,70.96147621,18.84104888,21.69733525,92.08585632,2.325471809,4.900690338,1.1309285390000001,38.08637467,91.43136871,8.56863129,7.001245622069476
11414,-73.8449,40.6583,407,93,1381,17.71648077,4.666111176999999,4.8071679000000005,11.61468206,87.73775090000001,30.46532346,29.26520415,15.06038177,6.389692348,69.78464419,46.76966292,20.04175365,1.902871419,77.89794312,22.29029056,5.1952496660000005,20.12046956,94.01261755,5.987382454,6.008813185442595
11415,-73.8282,40.7083,1438,241,1506,27.60809762,3.133371215,2.7845528460000004,12.32614653,90.0430627,39.21811976,21.866611600000002,14.58333333,11.99453839,35.7918606,76.08306479999999,19.94631427,5.363411108999999,58.92525294,24.948379100000004,18.95003097,41.80260169,92.65362448,7.346375517,7.271008538280992
11416,-73.8496,40.6847,969,198,1565,15.96291332,5.131872533,6.604315366,15.23489437,88.92893924,42.68333272,15.60184332,27.631471,7.093202884,43.28668422,51.48953859,23.87096774,6.285714286,27.42857143,45.13548387,33.30138249,50.84608295,87.1903427,12.8096573,6.876264611890766
11417,-73.8445,40.6765,785,190,1715,17.18677655,5.33215928,4.726674887,14.19198895,87.66898812,34.45259594,17.92526702,24.10604192,7.210159771,60.16556291,43.77483444,22.16619162,7.398126977,35.78789113,38.53165033,29.0443825,44.8554515,88.68995206,11.31004794,6.665683717782408
11418,-73.8361,40.7002,765,229,1548,17.72775237,3.968351075,4.352722563,14.73444494,90.92531226,41.99134199,17.55848067,25.19285996,7.060922763,43.52715304,52.56902542,23.51688865,7.344808786000001,40.608043200000004,45.70189786,23.92969338,49.93639172,79.93800726,20.06199274,6.639875833826536
11419,-73.8229,40.6887,526,208,1707,14.78651817,6.5399445720000005,4.322572499,13.42089311,90.845704,30.57057542,17.55411343,24.10875879,6.440245914,58.9069637,39.77081497,20.19629973,16.40533677,10.05884961,18.8600911,32.58696441,63.24720867,84.78732377,15.21267623,6.26530121273771
11420,-73.8178,40.6735,669,248,1811,14.39017944,5.581780284,4.470951686,12.05929238,89.69675599,28.55813953,18.53822516,24.06247318,7.200282087000001,66.86678319,26.64336196,19.80655406,24.50658912,15.25913094,24.046691,31.04209202,51.47146776,88.90387445,11.09612555,6.505784060128229
11421,-73.8587,40.6941,989,323,1678,17.48744792,5.025656505,4.578933814,10.30622244,92.89188765,36.48543121,17.88693234,27.83929951,8.69292327,55.50781921,44.74995704,21.67455246,4.68513731,44.19784401,58.63616409,19.58197161,48.46592849,84.02127981,15.97872019,6.8966943316227125
11422,-73.7361,40.6608,752,191,2031,16.42651297,4.242539804,1.582355816,7.251812953,86.99304751,28.99690924,19.62159466,24.53567937,6.788335265,66.29027245,24.63482855,19.99563618,85.20354093,5.48282526,9.569228851,2.063462378,42.48176548,91.37191343,8.628086567,6.62273632394984
11423,-73.7685,40.7156,1128,289,1540,19.95348429,6.336954919,2.851567418,9.129800681,90.60862939,33.94421281,22.49681529,26.45096311,6.781598247000001,57.95442935,38.26504547,18.81210191,38.84713376,12.96178344,14.18789809,28.53503185,53.48407643,87.54240205,12.45759795,7.028201432058005
11426,-73.7224,40.7365,184,28,1767,21.90953394,3.565891473,4.120905822,7.547534022000001,94.82077764,37.51932741,21.76818422,16.47390417,3.4629404619999997,76.02265576,27.31277533,21.28263064,6.629488967,38.85870872,18.93178213,44.23825778,42.16624201,91.51937984,8.480620155,5.214935757608986
11427,-73.7456,40.7309,539,109,1496,19.60161663,3.953552668,3.249228535,8.499443922000001,92.7095077,34.41162479,24.09618505,18.45162461,6.050357009,59.98666667,37.09333333,20.64733536,20.71389941,29.31730249,19.45334276,31.34750593,46.93181345,90.89715234,9.102847664,6.289715570908998
11428,-73.7422,40.721,598,97,1848,12.77033986,4.537953795,4.725457571000001,8.443481019,97.28779508,27.52948643,21.71799884,21.98557959,6.947932362,68.94566391,20.33105434,19.99049078,21.03650483,22.6900523,25.33150193,25.76469967,49.675101700000006,90.79207921,9.207920792000001,6.393590753950631
11429,-73.7333,40.714,1083,231,1835,17.32414945,10.91626727,2.816278384,8.834545054,94.86584107,27.60871159,21.43196,25.44234739,5.314757482,71.93460490000001,15.46321526,19.54530526,76.21063387,3.517863008,12.42564683,4.094442214,43.51348393,91.5928954,8.407104595,6.9874902470009905
11432,-73.7931,40.7154,1248,646,1486,23.18242831,4.910529582,3.841618125,14.92984936,87.91313029999999,40.05572971,19.99097546,22.64946575,7.403894159,36.615086,57.47560252,20.80318437,16.00406104,19.10785941,24.43395162,41.603145700000006,56.68541408,86.06743897,13.93256103,7.129297548929373
11433,-73.7871,40.6982,1406,377,1619,11.28654971,9.549747419,1.920052425,17.05413575,77.20753413,42.61505873,18.13149168,33.92529489,9.115258338,44.45289476,33.7864816,24.09767327,64.29060813,3.924470388,18.89062457,8.756063471000001,39.74896544,83.74698001,16.25301999,7.2485040723706105
11434,-73.7834,40.6569,1269,627,1376,14.61403666,5.3510360089999995,2.366863905,11.19659315,85.92248062,31.41459271,20.473925,28.25273754,4.930232558,49.04016401,38.784828999999995,23.19922178,87.54236902,2.9289720480000003,7.531425271,2.45474305,31.26567464,91.06819553,8.931804466,7.1459844677143876
11435,-73.8096,40.7013,980,440,1473,19.14031011,7.914276936,3.115767777,15.76203094,85.30037484,40.82384749,17.63862655,24.90896599,4.396717658,36.38868284,60.27339197,21.02839989,23.63734485,16.92862925,31.07798165,24.32373179,53.66466541,83.56974601,16.43025399,6.887552571664617
11436,-73.7966,40.6758,1105,164,1854,13.3891518,7.126747857000001,2.4885939440000002,11.07552175,87.23368842,32.45574217,16.16775415,27.7789299,7.107190413,72.83640925,20.35477513,22.4087264,61.70742641,5.638292573999999,14.78806595,10.53942322,39.15425611,88.05442791,11.94557209,7.007600613951853
11691,-73.7614,40.6013,1517,715,1329,15.58638522,6.661418605,3.0449165039999997,21.43819181,74.22037422,45.94502199,17.58130384,30.79988841,6.923980837,24.10410799,53.64183743,30.67040272,46.83727308,38.93194622,26.36301309,3.499567771,30.46472114,87.62724287,12.37275713,7.324489979348532
11692,-73.7922,40.5928,1588,234,1272,15.35905762,9.583995982000001,3.015010352,25.43212322,70.13898259,52.20288414,17.31218141,27.75621118,8.042099582,34.30667645,42.17168012,28.22161879,60.89276357,22.60492592,24.40093373,5.711971797,31.78028679,90.75918641,9.240813593,7.370230641807081
11693,-73.8167,40.5965,881,88,1108,15.69923801,4.058773937,2.415847963,14.04222048,75.51806345,36.55505422,19.23523493,29.65050733,11.14982578,50.69143447,51.55830753,21.91346079,19.90092112,63.27115102,29.49144671,4.032819878,25.41992414,93.15909912,6.840900878999999,6.78105762593618
11694,-73.8446,40.5776,734,129,1450,23.91561391,3.543814433,1.8410852709999999,9.885351572000001,90.88706279,38.14588141,28.05095064,14.71791559,10.78803203,53.20028342,54.25129901,19.63098249,6.785613936,81.30561019,14.90587244,3.474758827,14.68577316,94.75676546,5.243234536,6.598509028614515
11697,-73.9072,40.5591,141,5,1149,28.148740500000002,3.491543917,1.5488215490000001,3.1073446330000003,51.782216999999996,29.27864215,33.67231638,16.56565657,46.53349001,96.84981685,1.318681319,21.77966102,0.5932203389999999,95.42372881,6.468926553999999,0.564971751,2.7966101689999996,98.85433715,1.145662848,4.948759890378168
