geoid,x_coor,y_coor,y,ols_residual,mgwr_yhat,mgwr_residual,localR2,beta_Intercept,beta_%_no_health_insurance,beta_%_below_poverty,beta_%_vacant_housing,beta_%_white,se_Intercept,se_%_no_health_insurance,se_%_below_poverty,se_%_vacant_housing,se_%_white,t_Intercept,t_%_no_health_insurance,t_%_below_poverty,t_%_vacant_housing,t_%_white,p_Intercept,p_%_no_health_insurance,p_%_below_poverty,p_%_vacant_housing,p_%_white,sumW_Intercept,sumW_%_no_health_insurance,sumW_%_below_poverty,sumW_%_vacant_housing,sumW_%_white
10001,-73.9971,40.7507,1.733878792,1.846618979,0.673888528,1.059990264,0.381346334,0.776027604,-0.104440339,0.294972027,0.047765385,-0.171397975,0.122044906,0.055497397,0.123184225,0.063713222,0.1490804,6.358541548,-1.88189617,2.394560072,0.749693449,-1.149701604,1.70E-09,0.061500842,0.017690605,0.454440283,0.251826671,20.69943017,111.2921595,20.69943017,83.70125602,20.69943017
10002,-73.9862,40.7158,0.204352345,-0.581093857,0.868142747,-0.663790402,0.308468592,0.55711404,-0.104842537,0.173472979,0.044522382,-0.181136611,0.119566686,0.05546861,0.12323359,0.061706342,0.147979565,4.659442026,-1.890123752,1.407676092,0.72152036,-1.224065035,6.23E-06,0.060385122,0.160990743,0.471546841,0.222563755,18.68419638,111.2227602,18.68419638,84.86477904,18.68419638
10003,-73.9892,40.7318,0.413214976,0.816958514,0.483245438,-0.070030461,0.346947972,0.689843521,-0.105047907,0.221849184,0.0464869,-0.145232178,0.122905626,0.055443652,0.12484459,0.063244334,0.149572932,5.61279041,-1.894678714,1.777002792,0.735036593,-0.970979014,7.62E-08,0.059774747,0.077295022,0.463295501,0.332891248,20.07413314,113.0767444,20.07413314,83.19781869,20.07413314
10004,-74.013,40.7038,0.241776456,0.437434634,0.230311516,0.01146494,0.310457376,0.480592974,-0.09939287,0.205370883,0.041218362,-0.208018816,0.117126376,0.055805882,0.126466155,0.060552236,0.14706909,4.103200223,-1.781046464,1.623919726,0.680707514,-1.414429205,6.22E-05,0.076629626,0.106182571,0.496951126,0.159002556,18.95251913,100.464541,18.95251913,81.93746963,18.95251913
10005,-74.0089,40.7061,-0.095278278,-0.231954824,0.362705448,-0.457983726,0.312035428,0.499745025,-0.100445621,0.210017261,0.041638048,-0.200322428,0.117643119,0.055726223,0.126933383,0.060755867,0.147382344,4.247974955,-1.802483941,1.654547101,0.685333774,-1.359202346,3.49E-05,0.073180276,0.099798655,0.49403498,0.175821549,19.54611507,102.8514703,19.54611507,82.49668454,19.54611507
10006,-74.013,40.7097,0.256054461,0.246029102,0.327766856,-0.071712395,0.294046071,0.525465521,-0.099942199,0.22365795,0.042121035,-0.183117727,0.119352668,0.055742892,0.129046773,0.061018492,0.148731829,4.402629016,-1.792913778,1.733154151,0.690299507,-1.231193942,1.85E-05,0.074703981,0.084819742,0.490915152,0.219893016,19.16559261,102.2971772,19.16559261,82.23582819,19.16559261
10007,-74.0075,40.7139,0.545152005,0.948768881,0.267357464,0.27779454,0.282570139,0.555852098,-0.100862762,0.224653846,0.042872737,-0.169285584,0.120654951,0.055709412,0.129201664,0.061511959,0.149330532,4.606956398,-1.810515659,1.738784466,0.696982149,-1.133630085,7.82E-06,0.071921388,0.083821313,0.486733547,0.258491551,19.7515443,103.2824626,19.7515443,82.3539816,19.7515443
10009,-73.9787,40.7264,0.549960517,0.487588808,0.681637893,-0.131677375,0.361288178,0.636772178,-0.106695337,0.185955018,0.047068666,-0.183073211,0.12041873,0.055327316,0.121940957,0.062572705,0.14837009,5.287982833,-1.928438694,1.524959483,0.752223606,-1.233895664,3.63E-07,0.055409859,0.129064133,0.452921436,0.218886942,18.06839687,117.8057736,18.06839687,85.93493881,18.06839687
10010,-73.9826,40.7391,0.454943334,0.721186266,0.577113946,-0.122170612,0.392045724,0.73343849,-0.106498819,0.255931823,0.048204409,-0.181860931,0.122672969,0.0553456,0.12526679,0.063319048,0.149097486,5.978810967,-1.924250863,2.043093968,0.76129396,-1.21974512,1.22E-08,0.055936323,0.042534168,0.447500348,0.224193499,19.60374892,117.893728,19.60374892,85.84549693,19.60374892
10011,-74.0001,40.7417,1.645253209,2.026685432,0.54316657,1.102086639,0.350540131,0.73902668,-0.103384565,0.264349696,0.046723608,-0.14241011,0.12307911,0.055563742,0.124665893,0.063367635,0.149656203,6.004485068,-1.860648002,2.120465272,0.737341831,-0.951581742,1.07E-08,0.064462102,0.03536783,0.461896352,0.34261411,20.61677176,108.2965773,20.61677176,83.3826797,20.61677176
10012,-73.9981,40.7256,0.204352345,0.496838582,0.488148615,-0.28379627,0.31129307,0.640080052,-0.102832706,0.222889411,0.045001851,-0.141765046,0.122294511,0.05560731,0.126624031,0.062610398,0.149825629,5.233923001,-1.849265965,1.760245749,0.718760031,-0.94620024,4.69E-07,0.066096583,0.08010322,0.47324195,0.345343709,20.72025626,106.4327835,20.72025626,82.94393378,20.72025626
10013,-74.0048,40.7201,0.466063914,0.42253345,0.546170756,-0.080106842,0.286418631,0.599459121,-0.10137861,0.227303921,0.043867744,-0.155246202,0.120933367,0.05569406,0.127566504,0.062067322,0.149332529,4.956937308,-1.820276889,1.781846434,0.706776812,-1.039600701,1.67E-06,0.070415555,0.076498549,0.480639862,0.299951514,20.7376674,103.6063866,20.7376674,82.52486171,20.7376674
10014,-74.0063,40.734,1.063892651,1.769874928,0.353741361,0.71015129,0.320547093,0.687524244,-0.101523783,0.251141017,0.045430502,-0.13354327,0.12304552,0.055694559,0.126936353,0.063082939,0.150209173,5.587560166,-1.822867174,1.978479845,0.720170976,-0.889048699,8.62E-08,0.07002037,0.049434854,0.472375071,0.375190418,20.44593383,103.2738349,20.44593383,81.78799302,20.44593383
10016,-73.9783,40.7452,0.488708706,0.655644785,0.526184717,-0.037476012,0.432800828,0.775287494,-0.107348064,0.302845506,0.04944093,-0.213234608,0.124506811,0.055294304,0.131953699,0.063484301,0.150419857,6.22686815,-1.941394623,2.29508918,0.778789851,-1.417596137,3.39E-09,0.053807436,0.022908084,0.437149344,0.158076657,17.89226115,120.8203463,17.89226115,86.9784928,17.89226115
10017,-73.973,40.7526,-0.122134414,-0.017189228,0.273178579,-0.395312993,0.488074295,0.752071204,-0.108254229,0.377148587,0.0508955,-0.291251416,0.122415095,0.055245072,0.133455845,0.063676893,0.150964935,6.143614924,-1.959527351,2.826017754,0.799277382,-1.929265341,5.23E-09,0.05163039,0.005258265,0.425206946,0.055306433,18.44557402,123.9249698,18.44557402,87.81735124,18.44557402
10018,-73.9927,40.7552,2.355171166,2.234370534,0.787657447,1.567513719,0.403335583,0.813964112,-0.105411471,0.312523647,0.048601542,-0.181508578,0.123049739,0.055436935,0.1251434,0.063793715,0.14995458,6.614919468,-1.901466415,2.497324253,0.761854719,-1.210423707,4.30E-10,0.058874762,0.013431749,0.447166424,0.227739397,19.47720424,114.2308984,19.47720424,84.60587531,19.47720424
10019,-73.986,40.7653,1.312264181,0.985802121,0.656600588,0.655663592,0.469406451,0.81834666,-0.106785496,0.36522822,0.050655222,-0.247614451,0.12207141,0.055362184,0.129197053,0.063657561,0.151374945,6.703835546,-1.928852646,2.826908275,0.795745569,-1.63576906,2.65E-10,0.055358047,0.005244308,0.427251863,0.103675021,18.69854911,118.3403999,18.69854911,87.47979486,18.69854911
10021,-73.9587,40.7692,-0.2500976,0.289019093,-0.373492562,0.123394962,0.649795978,0.605672891,-0.110111296,0.43035836,0.054848386,-0.462978326,0.117807769,0.055159028,0.1314114,0.06367466,0.153640491,5.141196506,-1.996251557,3.274893656,0.861384819,-3.013387448,7.22E-07,0.047448385,0.001272868,0.390198159,0.002964807,18.58230129,129.9285594,18.58230129,90.03488185,18.58230129
10022,-73.9681,40.7587,-0.02850091,0.123050385,-0.038330724,0.009829814,0.54047945,0.704446076,-0.108969407,0.403569681,0.052339742,-0.349873076,0.119406155,0.055209611,0.131753088,0.06367717,0.150900928,5.899579236,-1.9737398,3.06307568,0.821954598,-2.318561471,1.83E-08,0.049976418,0.002535115,0.412214851,0.021568285,19.91281086,126.3171167,19.91281086,89.05627264,19.91281086
10023,-73.9827,40.7759,0.107571249,0.340572921,0.242355258,-0.134784009,0.521725773,0.778400721,-0.107496193,0.389381809,0.051558239,-0.316101018,0.119653384,0.05533736,0.129330893,0.063828082,0.152319123,6.505463489,-1.942560908,3.010740907,0.807767316,-2.07525498,7.76E-10,0.053665121,0.002989473,0.420314933,0.039417353,18.23518401,120.0302277,18.23518401,86.64362949,18.23518401
10024,-73.9749,40.7921,0.144343542,0.738170101,-0.186007916,0.330351459,0.646545858,0.665300234,-0.108702386,0.377478406,0.053534436,-0.44568971,0.116632391,0.055297092,0.12667427,0.063676574,0.154224562,5.704249293,-1.965788479,2.979913816,0.840724196,-2.889875023,4.86E-08,0.050896144,0.003291035,0.401643192,0.004338934,16.33679372,122.6998284,16.33679372,86.50599646,16.33679372
10025,-73.9666,40.7986,0.724427951,0.746189603,0.274860096,0.449567855,0.72599856,0.588388886,-0.10961755,0.331642794,0.05478989,-0.507865322,0.113737971,0.055254675,0.123666947,0.063592906,0.153180138,5.173196611,-1.98386018,2.681741588,0.861572355,-3.315477643,6.22E-07,0.048826161,0.008021098,0.390095196,0.001111068,16.99951192,125.286114,16.99951192,85.90025523,16.99951192
10026,-73.9527,40.8024,1.3359196,0.418070075,1.233527012,0.102392588,0.823332495,0.509527649,-0.110859233,0.278842269,0.058521127,-0.559791775,0.111854648,0.055186809,0.123201339,0.063278644,0.152778941,4.55526576,-2.008799477,2.263305511,0.924816387,-3.664063726,9.75E-06,0.046086943,0.024838219,0.356327696,0.000328324,17.54030284,129.3433257,17.54030284,89.05767392,17.54030284
10027,-73.9532,40.8118,1.03378592,0.017869249,1.185560506,-0.151774586,0.844384891,0.504158132,-0.110856257,0.253253938,0.058713145,-0.567889338,0.111789414,0.055209069,0.122684758,0.063259326,0.154323037,4.509891531,-2.007935628,2.064265697,0.928134228,-3.679874049,1.18E-05,0.046179595,0.04045962,0.354609053,0.000309994,16.79515807,127.9511476,16.79515807,86.62473856,16.79515807
10028,-73.9535,40.7764,-0.665503341,0.193673485,-0.536833527,-0.128669814,0.718674895,0.551759171,-0.110657608,0.383099281,0.056026511,-0.506980772,0.115300015,0.055141036,0.127633614,0.063637212,0.152633716,4.785421501,-2.006810457,3.001554763,0.880404859,-3.321551656,3.60E-06,0.046300512,0.003076564,0.37984063,0.001088571,18.81662749,131.3906818,18.81662749,89.54914367,18.81662749
10029,-73.944,40.7918,1.012045584,-0.022854702,1.216634084,-0.2045885,0.839822406,0.477727236,-0.111508922,0.286959221,0.059511468,-0.56922532,0.113096072,0.055124209,0.124874261,0.063306978,0.152090125,4.224083368,-2.022866633,2.297985344,0.940045959,-3.742684287,3.84E-05,0.044600253,0.022738921,0.348482366,0.000246292,17.16425927,132.9027336,17.16425927,90.3092499,17.16425927
10030,-73.9428,40.8183,1.490258411,0.359854177,1.413486044,0.076772367,0.887658247,0.480142352,-0.111635312,0.221989816,0.06144778,-0.582311238,0.109200703,0.055176552,0.122313306,0.063096336,0.15673047,4.396879688,-2.023238283,1.814927777,0.973872394,-3.715367132,1.90E-05,0.044561535,0.071237482,0.331456493,0.000272304,17.62872695,129.673997,17.62872695,86.08058907,17.62872695
10031,-73.95,40.8253,0.969656989,0.732148533,0.854754667,0.114902323,0.871480646,0.487206801,-0.111137108,0.223720248,0.060476202,-0.577564084,0.11058298,0.055223617,0.121921506,0.063095371,0.157145472,4.405802797,-2.012492369,1.834953126,0.958488737,-3.675346643,1.83E-05,0.045692641,0.068200671,0.339131195,0.000315142,16.91720687,126.7142452,16.91720687,84.82335781,16.91720687
10032,-73.9428,40.8388,1.014785881,0.887855406,0.779158006,0.235627875,0.882435439,0.451795752,-0.111647423,0.206516029,0.062892296,-0.581792919,0.109354966,0.055223008,0.120334686,0.06296114,0.159928798,4.131460753,-2.021755556,1.716180401,0.998906552,-3.63782462,5.56E-05,0.044716175,0.087888549,0.31921134,0.000361019,17.79927577,126.0383113,17.79927577,81.6499487,17.79927577
10033,-73.934,40.8505,0.557476057,0.554682449,0.538560542,0.018915515,0.876022216,0.41226916,-0.112181655,0.202914339,0.066313813,-0.590524768,0.108527952,0.05521548,0.118918111,0.062694954,0.161498144,3.798737107,-2.031706576,1.706336716,1.057721703,-3.656542132,0.000200093,0.043687037,0.089709247,0.291631929,0.000337398,18.28622158,125.5584328,18.28622158,81.26186702,18.28622158
10034,-73.924,40.8672,0.581065122,0.734114193,0.482533356,0.098531766,0.867071226,0.366929803,-0.112693889,0.20641736,0.070074375,-0.597835491,0.10692037,0.055218461,0.117404471,0.06248132,0.160185331,3.431804479,-2.040873416,1.758172908,1.121525199,-3.732148793,0.000747279,0.04275692,0.080456333,0.263592209,0.000256033,18.37015556,123.7289005,18.37015556,77.96970927,18.37015556
10035,-73.9296,40.7955,1.489957625,0.219424498,1.409525043,0.080432582,0.889091507,0.454113654,-0.112527601,0.229547249,0.063259713,-0.588479649,0.109059614,0.055074245,0.124726692,0.063145148,0.152931477,4.163902991,-2.043198247,1.840401962,1.001814317,-3.847995603,4.89E-05,0.042523732,0.067393197,0.317808646,0.000166391,15.92778314,135.6942799,15.92778314,89.44362083,15.92778314
10036,-73.9897,40.7592,1.861105558,1.608639329,0.77235755,1.088748008,0.423542698,0.819204242,-0.106043842,0.33445596,0.049302854,-0.207982041,0.122537795,0.05540058,0.126544885,0.0638219,0.150291752,6.685318915,-1.914128719,2.642982844,0.772506846,-1.383855321,2.94E-10,0.057226179,0.008959274,0.440850435,0.168155221,19.32037952,116.1482589,19.32037952,85.34102595,19.32037952
10037,-73.9374,40.813,1.669927431,0.720058706,1.443916303,0.226011128,0.895951301,0.47242188,-0.112000002,0.220259677,0.062211461,-0.585531366,0.107797242,0.055142708,0.122586761,0.063116147,0.156128637,4.382504327,-2.031093616,1.796765609,0.985666333,-3.750313698,2.01E-05,0.043749841,0.074087601,0.325649957,0.000239458,17.83558411,131.7330227,17.83558411,86.50049917,17.83558411
10038,-74.0024,40.7097,0.035660673,-0.437272578,0.659718709,-0.624058035,0.306596442,0.522583341,-0.101406907,0.211648543,0.042423779,-0.187705804,0.11965213,0.055700279,0.128165372,0.061032527,0.148477391,4.367522255,-1.820581663,1.651370715,0.695101128,-1.264204625,2.14E-05,0.070368962,0.100446042,0.487908613,0.207828271,19.51608913,103.4757792,19.51608913,83.599026,19.51608913
10039,-73.9362,40.8308,1.402131473,0.555050694,1.349562528,0.052568945,0.888961307,0.454160284,-0.112069585,0.205451837,0.06387183,-0.584030868,0.107582836,0.055178544,0.120539387,0.062960583,0.159652897,4.221493887,-2.031035553,1.70443738,1.014473296,-3.658128848,3.88E-05,0.043755794,0.090064051,0.311749549,0.000335464,18.62642133,128.9835119,18.62642133,83.28419047,18.62642133
10040,-73.9305,40.8583,0.459404577,0.148122525,0.703060012,-0.243655435,0.872067623,0.392095405,-0.112367639,0.204109454,0.067895736,-0.595528043,0.108234846,0.055220615,0.118234069,0.062564236,0.161643078,3.622635574,-2.034885693,1.726316748,1.085216416,-3.68421617,0.000381324,0.043362533,0.086045246,0.279310041,0.000305132,18.18032121,124.566303,18.18032121,80.56292961,18.18032121
10044,-73.9499,40.7619,-0.02850091,0.037161555,0.392227413,-0.420728323,0.676538982,0.542889319,-0.11089369,0.428264035,0.055867131,-0.492736285,0.117729085,0.055098626,0.131303956,0.06371088,0.151216917,4.611344087,-2.012639843,3.261623245,0.876885249,-3.25847328,7.67E-06,0.045676954,0.001330364,0.381744303,0.001344362,17.93417878,132.8864306,17.93417878,89.5949962,17.93417878
10065,-73.9631,40.7646,-0.628335825,-0.78625889,-0.113472609,-0.514863216,0.598708061,0.654187259,-0.109610695,0.435990874,0.053486619,-0.415724861,0.11884508,0.055180559,0.13253438,0.063773847,0.152981329,5.504537981,-1.986400582,3.289643581,0.838692053,-2.717487572,1.29E-07,0.04854097,0.00121168,0.402779778,0.007235477,18.88057934,128.3809285,18.88057934,88.99272136,18.88057934
10069,-73.9903,40.7759,-0.32431039,-0.854306026,0.704820566,-1.029130956,0.479505695,0.827791537,-0.106463138,0.372249152,0.051042855,-0.265040944,0.121771418,0.055405075,0.129105477,0.063731919,0.152205292,6.797913243,-1.921541257,2.883294814,0.800899397,-1.741338564,1.59E-10,0.056279189,0.004426371,0.424269737,0.083371567,16.74912442,116.3319896,16.74912442,86.4386822,16.74912442
10075,-73.9559,40.7731,-1.100770766,-0.314330705,-0.461050143,-0.639720623,0.688163847,0.576952997,-0.110413913,0.405280723,0.055203974,-0.486916144,0.116301727,0.055148723,0.129160241,0.063719676,0.153060182,4.960829126,-2.002111885,3.137813301,0.866356798,-3.181207149,1.65E-06,0.046808356,0.00199593,0.387474046,0.001733737,18.88687037,130.7634686,18.88687037,89.08736017,18.88687037
10128,-73.9502,40.7815,-0.548437753,0.186697326,-0.408394335,-0.140043419,0.767218778,0.515102348,-0.110974339,0.352403183,0.0576823,-0.535367696,0.11496714,0.05513311,0.126456705,0.063447321,0.152620456,4.4804311,-2.012843806,2.786749679,0.909136887,-3.507837085,1.34E-05,0.045655266,0.00590838,0.364521152,0.00057344,17.9942999,132.087253,17.9942999,91.19499775,17.9942999
10280,-74.0167,40.7093,-0.450475492,0.35575759,0.132042827,-0.58251832,0.295100628,0.52206355,-0.098931588,0.223388577,0.042014323,-0.184141685,0.118943418,0.055826353,0.128686323,0.060977496,0.14857125,4.389175622,-1.772130582,1.735915458,0.689013584,-1.239416678,1.96E-05,0.078103055,0.084328871,0.491722035,0.216841388,18.87868525,99.73456229,18.87868525,81.71478933,18.87868525
10282,-74.0151,40.7164,-0.876778832,-0.558775697,0.297142745,-1.173921577,0.281196535,0.571928502,-0.099969996,0.236863941,0.042973301,-0.161055615,0.121043542,0.055727409,0.130120289,0.061790332,0.149843548,4.724981558,-1.793910689,1.82034595,0.695469663,-1.074825162,4.69E-06,0.074544049,0.070404995,0.487678269,0.283924305,19.220354,102.6742933,19.220354,80.76224564,19.220354
10301,-74.0962,40.6282,0.353736438,-0.026662309,-0.172243024,0.525979462,0.63022475,-0.032896872,-0.088228881,0.191534531,0.033061495,-0.698746986,0.115386957,0.056422598,0.127728284,0.056114718,0.124636361,-0.285100436,-1.563715308,1.499546741,0.589176885,-5.606285187,0.775902411,0.119680714,0.135523484,0.556498107,7.87E-08,11.85884298,80.09901391,11.85884298,64.70740583,11.85884298
10302,-74.1378,40.6306,0.270156053,0.674977061,-0.56020412,0.830360173,0.705334187,-0.025967781,-0.086132492,0.315247282,0.03490457,-0.760847797,0.123806095,0.056446556,0.14174258,0.056491156,0.121672913,-0.209745582,-1.525912275,2.224083134,0.61787671,-6.253222477,0.834108844,0.128826729,0.027414709,0.537455295,2.96E-09,11.56336893,75.02505401,11.56336893,60.04946917,11.56336893
10303,-74.1691,40.6321,0.00292421,-0.572140945,0.339816602,-0.336892392,0.737501498,-0.024690739,-0.084897127,0.33854141,0.036040964,-0.767820376,0.125218555,0.056473078,0.144332342,0.056873561,0.121063395,-0.19718115,-1.503320334,2.3455686,0.633703306,-6.342300061,0.84391331,0.134548702,0.020112265,0.527097148,1.85E-09,11.23888631,70.80925061,11.23888631,54.32144385,11.23888631
10304,-74.0943,40.606,0.382673194,0.027356645,-0.132593166,0.51526636,0.661429608,-0.08920332,-0.087619557,0.191031155,0.02993687,-0.763162357,0.117466311,0.056576381,0.136727089,0.055128872,0.127030725,-0.759394925,-1.548694975,1.397171224,0.543034329,-6.007698997,0.448632258,0.123251341,0.164121056,0.587793224,1.05E-08,12.04816773,76.7982779,12.04816773,63.44696902,12.04816773
10305,-74.0754,40.5955,-1.097862909,-0.573145871,-0.930379365,-0.167483544,0.636688488,-0.137229648,-0.089361574,0.102085423,0.027420035,-0.761019869,0.111042146,0.056517073,0.133367215,0.054495795,0.125881577,-1.2358339,-1.581142999,0.765446165,0.503158735,-6.045522216,0.218167232,0.115640779,0.445031161,0.615481778,8.68E-09,12.51442352,78.36462955,12.51442352,65.28445032,12.51442352
10306,-74.1255,40.5716,-1.409864624,-0.476901439,-1.477470447,0.067605823,0.721274946,-0.108146866,-0.08561892,0.277548698,0.027467869,-0.804331052,0.117529139,0.056737089,0.141978989,0.054385233,0.122975345,-0.920170665,-1.509046757,1.954857543,0.505061152,-6.540587871,0.358743063,0.133079923,0.052183824,0.614147727,6.43E-10,13.03271347,69.34182506,13.03271347,57.1700608,13.03271347
10307,-74.2393,40.5077,-1.497092226,-0.09432526,-1.819571451,0.322479225,0.76295868,-0.081196032,-0.080696218,0.32002816,0.026620163,-0.79021852,0.123203185,0.057146797,0.149703438,0.054171879,0.130271479,-0.659041666,-1.412086459,2.137747567,0.491401872,-6.065936503,0.510730338,0.159690151,0.033917272,0.623754486,7.82E-09,9.665058209,51.14059226,9.665058209,40.66615443,9.665058209
10308,-74.1505,40.5516,-2.102303866,-0.852166349,-1.773505509,-0.328798356,0.739808335,-0.102618288,-0.084341057,0.295731837,0.026634315,-0.800561168,0.118039494,0.056838727,0.143100175,0.054174614,0.124435368,-0.869355535,-1.483866037,2.066607102,0.491638296,-6.433550055,0.385836726,0.139633103,0.040235598,0.62358765,1.14E-09,12.72088336,64.43967128,12.72088336,52.64850437,12.72088336
10309,-74.2206,40.5314,-1.573777764,-0.430269786,-1.64974838,0.075970616,0.761297191,-0.079214257,-0.081210387,0.321773889,0.027828059,-0.791177319,0.123156543,0.057060717,0.148988213,0.05443629,0.129068259,-0.643199747,-1.423227593,2.15972716,0.511204191,-6.129913931,0.520931632,0.156440399,0.032146792,0.609848786,5.62E-09,10.54666109,54.69723345,10.54666109,43.35176516,10.54666109
10310,-74.1162,40.6324,-0.135803238,-0.053101244,-0.338748419,0.202945182,0.664040081,-0.018936918,-0.087233441,0.264642015,0.034417785,-0.726839732,0.119688254,0.056414237,0.133581741,0.056414021,0.122442207,-0.158218682,-1.546301894,1.981124159,0.610092745,-5.936186136,0.874465872,0.123827893,0.049134897,0.542587296,1.52E-08,11.72499912,78.14976007,11.72499912,63.16471008,11.72499912
10312,-74.1817,40.5451,-1.976464486,-0.756491152,-1.719297753,-0.257166733,0.752132862,-0.088180462,-0.082661486,0.315803923,0.027447704,-0.796057798,0.121389947,0.056955827,0.147028869,0.0543491,0.126947735,-0.726423099,-1.451326227,2.147904181,0.505025923,-6.27075227,0.468544426,0.148469144,0.033088957,0.61417242,2.70E-09,11.75926658,59.95732066,11.75926658,48.39773945,11.75926658
10314,-74.1665,40.5993,-1.539057729,-0.709417936,-1.068941372,-0.470116358,0.744948597,-0.060879498,-0.084186612,0.322686337,0.032364595,-0.787850398,0.122913315,0.056647905,0.144619394,0.055610664,0.123265024,-0.495304338,-1.486138152,2.231279828,0.58198541,-6.391516199,0.621003139,0.139031701,0.026925238,0.561321241,1.43E-09,12.39758189,67.84516259,12.39758189,53.98703788,12.39758189
10451,-73.9239,40.8207,1.32345724,0.188988189,1.451380419,-0.127923179,0.888334537,0.445772301,-0.112825741,0.20142776,0.066702918,-0.588646886,0.103333862,0.055111485,0.12036524,0.062865856,0.15901325,4.313903444,-2.047227389,1.673471182,1.06103571,-3.701873189,2.67E-05,0.042122166,0.096010954,0.290127508,0.000286092,19.01022217,133.0491109,19.01022217,85.78818567,19.01022217
10452,-73.9235,40.8374,1.471458131,0.335940537,1.409125984,0.062332148,0.875184251,0.418989696,-0.112802915,0.19934356,0.068262133,-0.588050551,0.105187666,0.055148648,0.118903076,0.062650582,0.161249109,3.983258812,-2.045433907,1.676521471,1.089569028,-3.646845281,9.94E-05,0.042300513,0.095411434,0.277392618,0.000349447,19.51931996,130.0684695,19.51931996,84.34032986,19.51931996
10453,-73.9136,40.8523,1.404727625,-0.15171846,1.599570807,-0.194843182,0.863224355,0.37521703,-0.113266432,0.202398308,0.072190845,-0.592424312,0.103557552,0.055151885,0.117138296,0.062415416,0.160369603,3.623270561,-2.05371825,1.727857709,1.156618832,-3.694118471,0.000380454,0.041482057,0.0857678,0.248995614,0.000294312,20.18170551,128.4796326,20.18170551,81.80935383,20.18170551
10454,-73.9166,40.8055,1.313318205,-0.238835155,1.526761378,-0.213443173,0.878674056,0.443042113,-0.113289187,0.194681261,0.067894023,-0.591885942,0.104698329,0.055053523,0.123296752,0.062952312,0.158878733,4.231606331,-2.057800858,1.578965045,1.07849927,-3.725394394,3.73E-05,0.041083714,0.116139663,0.282286895,0.000262468,14.10339912,136.5125274,14.10339912,86.91326078,14.10339912
10455,-73.9086,40.8147,1.428783591,0.14586835,1.441124877,-0.012341287,0.859741338,0.427464669,-0.11367958,0.191583749,0.071537704,-0.587020822,0.100352049,0.055051383,0.120072317,0.06267514,0.160293914,4.259650635,-2.06497227,1.595569682,1.141404763,-3.662152896,3.33E-05,0.040391904,0.11237897,0.255252138,0.000330607,16.05866411,136.1110916,16.05866411,86.97155493,16.05866411
10456,-73.9081,40.8299,1.502225316,0.085839293,1.511566509,-0.009341192,0.852174796,0.407194695,-0.113633361,0.194734281,0.072673237,-0.58589822,0.101138417,0.055084854,0.118187137,0.062494071,0.161441447,4.02611298,-2.062878499,1.64767746,1.162882103,-3.629168547,8.42E-05,0.040592848,0.101203014,0.24645163,0.000372462,18.60090234,133.5639614,18.60090234,85.77047775,18.60090234
10457,-73.8987,40.8472,1.625656752,0.39481288,1.321947079,0.303709673,0.859151971,0.359744865,-0.113984,0.201060528,0.076721499,-0.584415761,0.100672891,0.055099427,0.116317237,0.062226161,0.159282589,3.573403551,-2.06869664,1.728553163,1.232946044,-3.66904987,0.000454787,0.04003657,0.085642824,0.219240183,0.000322435,19.19440906,131.1283873,19.19440906,83.31389968,19.19440906
10458,-73.8882,40.8625,1.123898257,0.058400953,1.16003779,-0.036139533,0.859304179,0.318088756,-0.114336422,0.20716567,0.080625436,-0.565714071,0.09844303,0.055108075,0.114727658,0.062013529,0.151012926,3.231196297,-2.074767093,1.805716896,1.300126548,-3.74613013,0.001471438,0.039463133,0.072671375,0.195257639,0.000243183,20.75205962,128.7113232,20.75205962,80.60985054,20.75205962
10459,-73.893,40.8259,1.528409903,0.253648623,1.387030983,0.14137892,0.837945485,0.383479284,-0.114358634,0.192065325,0.078005888,-0.577134022,0.099400936,0.055037481,0.117297328,0.062281866,0.161422439,3.857904163,-2.077831897,1.63742284,1.252465492,-3.575302324,0.000160297,0.039176302,0.103328854,0.212061978,0.000451722,15.75446577,135.5650025,15.75446577,86.44227581,15.75446577
10460,-73.8796,40.8418,1.435429387,0.151713481,1.276850274,0.158579112,0.862209258,0.32122383,-0.114807256,0.201475039,0.083256365,-0.560193532,0.09744325,0.055043758,0.114771292,0.061969317,0.154505314,3.296522136,-2.085745237,1.755448028,1.34350948,-3.625723394,0.001184093,0.038443946,0.080922461,0.180836707,0.00037711,17.63971014,133.2947376,17.63971014,84.49697848,17.63971014
10461,-73.8406,40.8474,0.119627697,0.433167081,0.046267002,0.073360695,0.880615718,0.18096376,-0.116080922,0.220272468,0.099408894,-0.439478595,0.101613613,0.054989026,0.11054244,0.061857701,0.135623376,1.780900758,-2.110983432,1.992650681,1.60705768,-3.240433966,0.07665352,0.036186123,0.04784532,0.109834265,0.001427202,15.03861594,131.8862799,15.03861594,76.73588351,15.03861594
10462,-73.8588,40.8429,0.717346234,0.41764619,0.689445627,0.027900606,0.872081874,0.246240347,-0.115546928,0.208034167,0.091610947,-0.501300422,0.09704272,0.055007604,0.112505088,0.061850549,0.143012303,2.537442763,-2.100562833,1.849108972,1.481166266,-3.505295773,0.012034672,0.037104154,0.066119366,0.140350324,0.000578578,17.07149918,133.2530624,17.07149918,81.14215192,17.07149918
10463,-73.9065,40.8808,-0.017178068,0.094719217,0.348320446,-0.365498513,0.861181419,0.325528108,-0.113475913,0.211014684,0.075669342,-0.58410496,0.103252622,0.055195206,0.115725831,0.06212726,0.153449271,3.152734542,-2.055901607,1.823401753,1.217973275,-3.806502011,0.001901891,0.041268617,0.069939041,0.224864433,0.000194382,19.13670414,123.0345367,19.13670414,77.41509295,19.13670414
10464,-73.8023,40.8691,0.103523964,0.900573861,-0.524974091,0.628498055,0.897488991,0.070228542,-0.116890266,0.265179797,0.109396467,-0.353356062,0.105971835,0.054983736,0.108082505,0.061658154,0.132238417,0.662709502,-2.125906213,2.453494178,1.774241685,-2.672113516,0.508383561,0.0349055,0.015121685,0.077752091,0.008245479,11.95366415,125.564939,11.95366415,70.93251958,11.95366415
10465,-73.8229,40.8239,-0.357221358,0.289147455,-0.458144424,0.100923066,0.889501091,-0.106563031,-0.1167918,0.288495443,0.107761647,-0.311141612,0.104116995,0.054920012,0.108082847,0.061795257,0.128251796,-1.023493146,-2.126580027,2.669206559,1.743849801,-2.426021482,0.30747945,0.034848609,0.00831433,0.082931293,0.016274851,12.44956641,134.2616978,12.44956641,78.8866179,12.44956641
10466,-73.8459,40.891,0.735551573,0.296348132,0.864967294,-0.129415721,0.856795302,0.247810634,-0.115578983,0.213578885,0.093964781,-0.477070219,0.100057055,0.055084538,0.111984603,0.061654151,0.136925806,2.476693276,-2.098211006,1.907216518,1.52406253,-3.48415126,0.014205035,0.037314089,0.058121256,0.129287937,0.000623037,17.16674003,123.5937344,17.16674003,72.33586762,17.16674003
10467,-73.874,40.881,1.227655258,0.628214992,0.867519045,0.360136213,0.855069332,0.289122031,-0.114750843,0.210011048,0.085145292,-0.530425933,0.098733825,0.055116603,0.113533589,0.061786593,0.143349771,2.928297695,-2.081965069,1.849770178,1.378054507,-3.700221694,0.003859154,0.038792312,0.066023455,0.169935927,0.000287824,19.74615054,125.3984242,19.74615054,77.25017426,19.74615054
10468,-73.8998,40.8682,0.972500844,0.15845229,1.193881252,-0.221380408,0.861388548,0.329262792,-0.113826039,0.208418358,0.077131033,-0.581398103,0.101495615,0.055149211,0.115547398,0.062111591,0.154069986,3.244108558,-2.063964963,1.803747738,1.241813829,-3.773597416,0.001409952,0.040488471,0.072980992,0.215957568,0.000219694,20.13249712,126.5717121,20.13249712,79.86432039,20.13249712
10469,-73.847,40.8688,0.373108894,0.266121619,0.63565137,-0.262542476,0.865679102,0.236954489,-0.115715756,0.213386937,0.0949177,-0.472465617,0.099069901,0.055042016,0.111585047,0.061730923,0.136970097,2.391790915,-2.102316814,1.912325553,1.537603759,-3.449407035,0.017820281,0.036948246,0.057458553,0.125941383,0.000703118,17.61059139,128.1355725,17.61059139,75.65703453,17.61059139
10470,-73.868,40.896,0.380289622,0.838269356,0.179751395,0.200538227,0.851132695,0.279509184,-0.114857614,0.211634454,0.086929324,-0.516215918,0.100306922,0.055135286,0.113273681,0.06173177,0.141062091,2.786539338,-2.083196109,1.868346217,1.408178068,-3.659494314,0.005912051,0.038678568,0.063375808,0.160842307,0.000333809,18.08274385,122.2790372,18.08274385,73.63589335,18.08274385
10471,-73.9015,40.8995,-0.758682878,-0.28434964,-0.227093638,-0.531589241,0.85527242,0.307822733,-0.113603572,0.213703865,0.077650982,-0.568743237,0.103144417,0.055221753,0.115125181,0.061997718,0.148999485,2.98438579,-2.057225017,1.856273858,1.252481294,-3.817081885,0.003245621,0.0411397,0.065086212,0.212056237,0.000186849,17.64099822,119.2197501,17.64099822,73.85731954,17.64099822
10472,-73.8694,40.8296,0.992211857,0.10332877,1.043509944,-0.051298087,0.870887742,0.288454167,-0.115280492,0.199420445,0.087516769,-0.541940753,0.102403831,0.054997409,0.114636394,0.06196114,0.15606588,2.816829826,-2.096107699,1.739591057,1.412446058,-3.472512721,0.005404251,0.037502703,0.083679069,0.159584462,0.000648857,13.59707408,135.6481753,13.59707408,84.53364878,13.59707408
10473,-73.8587,40.8181,0.591688428,0.139310554,0.477452928,0.114235499,0.873962302,0.178171279,-0.115754047,0.20568906,0.093480761,-0.492111372,0.10595064,0.054954689,0.11427457,0.062073996,0.151499372,1.681644202,-2.106354306,1.799954787,1.505956871,-3.248273337,0.09441139,0.036591499,0.073580439,0.13387089,0.001390636,12.24739787,137.3025499,12.24739787,82.13250122,12.24739787
10474,-73.8846,40.8106,1.304858625,-0.616862791,1.526102325,-0.221243699,0.831193053,0.364413768,-0.114822947,0.183487478,0.081035674,-0.55997625,0.10391333,0.054984717,0.118502982,0.06223997,0.161622947,3.506901055,-2.088270244,1.54837857,1.301987675,-3.464707579,0.000575327,0.038212748,0.123327449,0.194622013,0.000666731,11.81756184,138.3995759,11.81756184,88.09286448,11.81756184
10475,-73.8249,40.8689,0.133534452,0.320863688,0.413664626,-0.280130174,0.882063688,0.174378677,-0.116335435,0.227236499,0.103009307,-0.412286573,0.10428951,0.055010256,0.110043845,0.061731069,0.133676923,1.672063442,-2.114795381,2.064963274,1.668678476,-3.084201537,0.096288663,0.035855211,0.040392766,0.096959078,0.002370464,14.19231391,127.2299161,14.19231391,72.46120147,14.19231391
11004,-73.7109,40.7481,-2.021228385,-1.429465712,-1.615234307,-0.405994078,0.78821553,-0.726713277,-0.119841333,0.895332275,0.151383068,-0.705248511,0.115866591,0.054738825,0.160149175,0.063837925,0.100191704,-6.271982881,-2.189329667,5.590614332,2.371365728,-7.03899106,2.68E-09,0.029888884,8.50E-08,0.018802988,4.16E-11,17.21982482,119.3673374,17.21982482,53.8808572,17.21982482
11101,-73.9386,40.7471,0.90472723,-0.024617128,0.756145499,0.148581731,0.674094589,0.423492561,-0.111824932,0.415635375,0.057638006,-0.549546737,0.120494254,0.055020536,0.123925663,0.063539986,0.14697503,3.514628686,-2.032421731,3.353908813,0.907113913,-3.739048319,0.000559917,0.043613859,0.000975721,0.365586857,0.000249613,13.61600884,135.7593395,13.61600884,88.53802073,13.61600884
11102,-73.9259,40.7725,0.036735881,-0.209267898,0.22471359,-0.187977709,0.822946799,0.434428924,-0.112806514,0.283873072,0.06266219,-0.573882473,0.112849091,0.055012234,0.126469398,0.063414336,0.147590178,3.84964486,-2.050571401,2.244598908,0.98813918,-3.888351397,0.000165362,0.041791345,0.02603941,0.324441005,0.000142868,15.15896636,138.3699341,15.15896636,88.88354245,15.15896636
11103,-73.9134,40.7626,-0.11843479,0.520330513,-0.274815228,0.156380439,0.749474663,0.401276353,-0.113639285,0.256690811,0.066327771,-0.543160625,0.111828256,0.054951237,0.124417771,0.063563978,0.140830516,3.588327021,-2.068002299,2.063136226,1.04348048,-3.856838993,0.000431218,0.040102612,0.040568068,0.298156962,0.000160941,13.16999081,140.6948972,13.16999081,84.22562245,13.16999081
11104,-73.9202,40.7447,0.049559984,1.024362351,-0.388706067,0.438266051,0.670235618,0.362920463,-0.113247415,0.322985633,0.063122661,-0.550804364,0.108417874,0.054940858,0.111996043,0.063850056,0.130980876,3.347422794,-2.061260395,2.883902188,0.988607759,-4.205227374,0.000997427,0.040748726,0.004418233,0.324212254,4.15E-05,14.08697759,139.5548115,14.08697759,82.07376308,14.08697759
11105,-73.9063,40.779,-0.45874007,0.25284632,-0.270779877,-0.187960193,0.810165765,0.422649988,-0.113976626,0.185797322,0.070199766,-0.539720743,0.107871815,0.054965224,0.125021608,0.063229275,0.148730503,3.918076161,-2.073613431,1.486121672,1.110241509,-3.628850377,0.0001276,0.039571568,0.139036056,0.268409526,0.000372889,12.86771778,140.6452018,12.86771778,85.23620705,12.86771778
11106,-73.9318,40.7618,0.202495009,0.462868871,0.126239937,0.076255071,0.762687144,0.421028823,-0.112394185,0.382645875,0.060442775,-0.574523581,0.121591297,0.055014088,0.131245413,0.063572554,0.149387775,3.46265591,-2.043007321,2.915499024,0.950768396,-3.845854051,0.000671506,0.042542842,0.004013286,0.34302576,0.000167737,13.56421453,137.5811347,13.56421453,89.08370552,13.56421453
11109,-73.957,40.7462,-0.101326692,-0.165244397,0.018740786,-0.120067478,0.574105661,0.595648804,-0.110047008,0.397817052,0.053173342,-0.414652586,0.120732385,0.05512332,0.130447846,0.0634197,0.150000152,4.933629067,-1.996378439,3.049625297,0.838435721,-2.764347774,1.86E-06,0.04743445,0.002645375,0.402923284,0.006311197,16.06731692,129.99652,16.06731692,89.38368953,16.06731692
11201,-73.9896,40.6946,0.508072032,0.878710561,0.185382181,0.322689851,0.394624271,0.396231004,-0.102711974,0.155584214,0.040053689,-0.312929111,0.111530637,0.055696146,0.119597059,0.059709629,0.139729887,3.552665104,-1.844148683,1.300903344,0.670807864,-2.239528835,0.000489557,0.066842579,0.194992155,0.503222285,0.026373571,17.66146538,102.7232208,17.66146538,83.18372257,17.66146538
11203,-73.9344,40.6496,0.638306357,0.01875454,1.007404583,-0.369098226,0.871988158,0.072309897,-0.111269767,0.133148625,0.027963619,-0.589334162,0.091906563,0.055174245,0.104926561,0.054047173,0.104892262,0.786776201,-2.016697599,1.268969687,0.517392814,-5.618471276,0.432471017,0.045247129,0.206127512,0.605531631,7.41E-08,16.37267754,109.8600947,16.37267754,73.59493069,16.37267754
11204,-73.9848,40.6188,-1.398470188,-1.381865506,-0.741164936,-0.657305252,0.748325332,-0.231233167,-0.100565201,-0.175972398,0.021891765,-0.749573208,0.098917618,0.05616455,0.131018871,0.053916966,0.117421418,-2.337633785,-1.790545837,-1.34310727,0.406027387,-6.38361571,0.020530803,0.075084997,0.18096664,0.685215699,1.49E-09,16.49359483,87.53393415,16.49359483,70.97072975,16.49359483
11205,-73.9662,40.6946,0.362656316,-0.324067571,0.469311955,-0.106655639,0.525580567,0.387226413,-0.107656943,0.08357819,0.041780106,-0.465048363,0.108051907,0.055293501,0.118159044,0.059376396,0.125536647,3.583707343,-1.947008989,0.707336375,0.703648392,-3.704482896,0.000438388,0.053125252,0.480293004,0.48258162,0.000283375,14.02678332,115.588094,14.02678332,84.41391482,14.02678332
11206,-73.9424,40.702,0.547215277,-0.350842449,0.560421576,-0.013206299,0.770985484,0.360687989,-0.111140927,0.133205692,0.047658816,-0.592503634,0.109745874,0.05503125,0.123250801,0.059816381,0.122080329,3.28657448,-2.019596607,1.080769385,0.796751904,-4.853391519,0.001224181,0.044942157,0.281278424,0.426668608,2.66E-06,11.90737793,127.7608142,11.90737793,84.80990744,11.90737793
11207,-73.8943,40.6708,0.912736618,-0.360556052,0.960618001,-0.047881384,0.832601434,0.034313085,-0.115289438,0.246043825,0.044962138,-0.494025904,0.091704245,0.054801136,0.115676791,0.05452929,0.104497631,0.374171181,-2.103778227,2.126993858,0.824550228,-4.72762778,0.70872736,0.036818775,0.034813707,0.410743069,4.64E-06,14.43481199,128.7799807,14.43481199,70.27324385,14.43481199
11208,-73.8711,40.6682,0.77618492,-0.306243283,0.529637736,0.246547184,0.77077894,-0.118623485,-0.116674145,0.277282856,0.049600031,-0.421366862,0.100137944,0.054731959,0.12308216,0.053777246,0.103052657,-1.184600767,-2.131737037,2.252827351,0.922323737,-4.088850051,0.23777254,0.034415828,0.025504942,0.357622367,6.58E-05,14.16811778,129.6742774,14.16811778,68.13274826,14.16811778
11209,-74.03,40.6218,-0.78929518,-0.313423509,-0.896929492,0.107634312,0.610152116,-0.196604632,-0.094204584,-0.102899652,0.027922598,-0.711708534,0.101277833,0.056297267,0.127875217,0.054879748,0.127787151,-1.941240496,-1.673342031,-0.804687995,0.508796028,-5.569484304,0.053826267,0.096036405,0.422085413,0.611532429,9.42E-08,14.23467874,86.55648334,14.23467874,72.30657194,14.23467874
11210,-73.9463,40.6282,0.398437714,0.461413467,0.276539442,0.121898272,0.847919807,-0.104284377,-0.108363273,0.047617964,0.019572747,-0.658649221,0.090894057,0.055688789,0.100436678,0.053382543,0.103984156,-1.147317885,-1.94587231,0.474109307,0.366650711,-6.33413059,0.252807496,0.053262775,0.636009612,0.714319991,1.93E-09,17.72649249,92.81264554,17.72649249,68.56915541,17.72649249
11211,-73.9534,40.7124,-0.349657823,-0.422675729,-0.01092268,-0.338735143,0.63038076,0.40506381,-0.109988893,0.114895619,0.048324521,-0.496309441,0.112633939,0.055103405,0.127024641,0.061171555,0.148173544,3.596285573,-1.996045286,0.904514418,0.789983535,-3.349514542,0.000419125,0.047471047,0.366959151,0.43060045,0.000990378,10.85557438,126.3702387,10.85557438,86.43137099,10.85557438
11212,-73.913,40.6629,1.401806538,-0.24008876,1.311791602,0.090014936,0.857477645,0.11059556,-0.113837556,0.221729959,0.036102071,-0.535211274,0.090283845,0.05490693,0.113139886,0.054346644,0.104560947,1.224976184,-2.073282112,1.959785957,0.664292555,-5.118653666,0.222221107,0.039602756,0.051599887,0.507372447,8.01E-07,14.94191643,122.5135908,14.94191643,72.19247082,14.94191643
11213,-73.9363,40.6711,1.03915691,0.386038529,0.827899896,0.211257013,0.835941107,0.227713884,-0.111437506,0.157102599,0.037093793,-0.575733221,0.097957392,0.055063496,0.112110753,0.056017672,0.104411289,2.324621759,-2.02380005,1.401316072,0.662180189,-5.514089782,0.021233739,0.044503065,0.162880466,0.508721877,1.23E-07,15.08914303,119.2206994,15.08914303,77.30973681,15.08914303
11214,-73.9962,40.5987,-1.409864624,-0.946834066,-0.519924769,-0.889939854,0.698620929,-0.303020237,-0.098462814,-0.144853063,0.019646753,-0.784577364,0.101595891,0.056246917,0.137416005,0.053506539,0.117323117,-2.982603267,-1.75054598,-1.05412076,0.367184143,-6.687321157,0.003263653,0.081766589,0.293272591,0.713922787,2.90E-10,15.03178458,84.44456917,15.03178458,67.54460477,15.03178458
11215,-73.9869,40.6625,-0.402106682,0.482190466,-0.3965493,-0.005557381,0.743033747,0.121049299,-0.101997387,-0.09350996,0.032305862,-0.607898051,0.102707606,0.055852679,0.114390424,0.056677524,0.123578982,1.178581653,-1.826186111,-0.817463183,0.569994238,-4.919105515,0.240155763,0.069516702,0.414769025,0.56940848,1.99E-06,14.71797023,97.49905876,14.71797023,78.64157165,14.71797023
11216,-73.9493,40.6808,0.991746481,0.568941156,0.74844893,0.243297551,0.786330338,0.320248997,-0.109897341,0.112442982,0.039254137,-0.603537835,0.107770437,0.055155036,0.118343904,0.057370367,0.11015317,2.97158484,-1.99251688,0.950137508,0.684223203,-5.479078206,0.003377177,0.047860124,0.343345284,0.494734181,1.46E-07,13.34458402,118.1934282,13.34458402,82.39066252,13.34458402
11217,-73.9794,40.6824,0.451212265,0.534246456,0.181442836,0.269769429,0.614540591,0.320278707,-0.104304855,0.070065781,0.037517341,-0.476890251,0.106083385,0.055624494,0.111596866,0.058281351,0.123613121,3.019122252,-1.875160539,0.627847211,0.643728055,-3.857925818,0.002911998,0.06242701,0.530917823,0.520589734,0.000160283,15.36677973,103.6862943,15.36677973,82.77974516,15.36677973
11218,-73.976,40.6435,-0.708042419,-0.377068111,-0.541618236,-0.166424183,0.793513521,-0.061114938,-0.102895644,-0.194804482,0.026731175,-0.713628472,0.101017206,0.05598982,0.126119018,0.054943738,0.122199961,-0.604995329,-1.837756296,-1.544608295,0.486519054,-5.839842052,0.54596134,0.067784268,0.124237204,0.627204476,2.47E-08,15.16080478,92.20355276,15.16080478,75.0979006,15.16080478
11219,-73.9967,40.6327,-1.578192985,-2.316583499,-1.2140803,-0.364112685,0.724426229,-0.184890855,-0.099112709,-0.209274885,0.02643357,-0.733667254,0.100598561,0.05612329,0.133500337,0.054807276,0.125023731,-1.83790755,-1.765981822,-1.567598178,0.482300391,-5.868223953,0.067761859,0.079132684,0.118771101,0.63019184,2.14E-08,15.5889202,90.38249416,15.5889202,74.37489913,15.5889202
11220,-74.0165,40.6411,-0.663516686,-0.971097477,-0.159256473,-0.504260213,0.662136522,-0.153133938,-0.096063559,-0.144864992,0.030038294,-0.681250307,0.103425712,0.056223592,0.127338293,0.05570949,0.131704532,-1.48061768,-1.708598755,-1.13763887,0.539195277,-5.172565415,0.14049641,0.089288171,0.256817671,0.590433547,6.24E-07,13.5654248,89.63880819,13.5654248,74.98870633,13.5654248
11221,-73.9279,40.6913,1.072164795,0.515158867,0.736300614,0.335864181,0.823673862,0.276966633,-0.112562062,0.179634777,0.047771029,-0.577553098,0.101164969,0.054946658,0.115838999,0.058438445,0.105848402,2.737772126,-2.048569744,1.550727989,0.817458923,-5.456417712,0.006821297,0.0419891,0.122763201,0.414771452,1.63E-07,13.52300453,129.0609471,13.52300453,78.88956943,13.52300453
11222,-73.9476,40.7283,-0.406852356,0.61674902,-0.460163993,0.053311637,0.633361202,0.419492217,-0.110856203,0.251346068,0.05291542,-0.508307147,0.118096003,0.055054108,0.121246398,0.062705028,0.149115544,3.552128821,-2.013586376,2.073018842,0.843878424,-3.408813962,0.000490489,0.045576382,0.039627554,0.399882868,0.000808875,11.01789108,131.383217,11.01789108,87.15316658,11.01789108
11223,-73.9734,40.5972,-1.008519858,-0.873953735,-0.665746352,-0.342773505,0.767883245,-0.281672961,-0.102265792,-0.042507307,0.015267548,-0.756865043,0.097521041,0.056085286,0.121128781,0.0531774,0.107045232,-2.888330138,-1.823397893,-0.350926568,0.287105946,-7.070516186,0.004359319,0.069939628,0.726063138,0.774368937,3.49E-11,16.36107323,85.22982698,16.36107323,65.01644601,16.36107323
11224,-73.9886,40.5767,-0.096485399,-0.514991967,-0.729915447,0.633430047,0.70614601,-0.329337566,-0.099502304,-0.036799853,0.014068354,-0.792451277,0.100722456,0.056195452,0.130576168,0.053084869,0.109340571,-3.269753133,-1.77064691,-0.281826721,0.265016266,-7.247550176,0.00129486,0.078350488,0.778407485,0.791307059,1.28E-11,14.24134685,81.74260401,14.24134685,61.72885116,14.24134685
11225,-73.9542,40.6631,0.835879652,0.651900744,0.657516479,0.178363174,0.85218587,0.212703688,-0.108545516,0.049336354,0.03252418,-0.623463992,0.104138041,0.055348806,0.108902791,0.055792717,0.111694669,2.042516695,-1.961117574,0.453031127,0.582946696,-5.581859885,0.042591981,0.051443062,0.651084326,0.560675353,8.87E-08,14.32989862,108.2281251,14.32989862,78.04610591,14.32989862
11226,-73.9567,40.6465,1.01387318,0.743985245,0.716646135,0.297227045,0.853669554,0.024882244,-0.10720902,-0.023471552,0.026526809,-0.65805603,0.097411281,0.055616782,0.105768043,0.054578014,0.110915512,0.255434936,-1.927637935,-0.221915347,0.486034702,-5.932948593,0.798685457,0.055510202,0.824637069,0.627547148,1.54E-08,15.89871555,98.33113318,15.89871555,73.99934116,15.89871555
11228,-74.0131,40.6167,-1.433000547,-1.073171412,-0.449485941,-0.983514606,0.654927499,-0.248201553,-0.096512796,-0.169981399,0.025136343,-0.752788959,0.101552275,0.056218599,0.135479094,0.0543911,0.125398746,-2.444076738,-1.716741397,-1.25466885,0.462140734,-6.003161755,0.015508537,0.087785699,0.211262585,0.644551169,1.08E-08,14.86245789,87.52606261,14.86245789,71.15086818,14.86245789
11229,-73.9445,40.6012,-1.318215639,-0.78132256,-0.727520551,-0.590695088,0.826849389,-0.216580312,-0.107561424,0.094331226,0.01295709,-0.697575442,0.090980446,0.055881695,0.103200183,0.052893141,0.100269774,-2.380514968,-1.924806054,0.914060645,0.244967302,-6.95698629,0.018357033,0.055866288,0.361935503,0.806767134,6.58E-11,17.60132229,85.47758733,17.60132229,65.42035001,17.60132229
11230,-73.9651,40.6222,-0.850757675,-0.557163497,-0.938308254,0.087550579,0.806587637,-0.176377255,-0.104410613,-0.073780292,0.019980978,-0.709827669,0.094468003,0.055975116,0.112597034,0.053607183,0.108236846,-1.867058156,-1.865304094,-0.655259643,0.372729499,-6.558096405,0.063556496,0.063803245,0.513156141,0.709798258,5.85E-10,17.5396544,89.26552669,17.5396544,70.04975097,17.5396544
11231,-74.0044,40.6776,0.072703015,0.394419943,-0.036672295,0.10937531,0.567696195,0.232058984,-0.099113936,0.081100125,0.036398597,-0.420396313,0.107665873,0.055970477,0.114302378,0.058210795,0.13359005,2.155362498,-1.77082529,0.70952264,0.625289459,-3.146913357,0.032491874,0.078320706,0.478939117,0.532591005,0.001938079,15.79728614,96.16052145,15.79728614,80.89408854,15.79728614
11232,-74.0053,40.656,0.068529946,0.367676485,-0.117662824,0.18619277,0.684686484,0.002940796,-0.097863181,-0.078552825,0.03205056,-0.602360859,0.100364361,0.05615991,0.116901028,0.056477524,0.124130257,0.029301202,-1.742580796,-0.671960088,0.56749231,-4.852651364,0.976657568,0.083153539,0.502490221,0.571102909,2.67E-06,15.48312589,91.62391999,15.48312589,78.07271574,15.48312589
11233,-73.9199,40.6783,1.146475264,0.014058546,1.194683381,-0.048208117,0.836278062,0.197585504,-0.113258183,0.200488106,0.043331828,-0.550347846,0.093202268,0.054916288,0.112339465,0.056316045,0.102828908,2.119964555,-2.062378715,1.78466317,0.769440188,-5.352073231,0.03541064,0.04064094,0.076038485,0.44266345,2.68E-07,15.21964696,126.8208808,15.21964696,75.86914146,15.21964696
11234,-73.9107,40.607,-0.416403317,0.13292581,-0.262099276,-0.154304041,0.865996766,-0.178236349,-0.113500376,0.244533207,0.012055471,-0.61777666,0.091936469,0.055287161,0.114009717,0.052742004,0.100287988,-1.938690399,-2.052924663,2.144845302,0.228574388,-6.16002649,0.054138641,0.04155987,0.033336564,0.819465099,4.81E-09,13.27857924,94.09393168,13.27857924,63.57020038,13.27857924
11235,-73.9497,40.5839,-1.175984609,-0.6764544,-1.11794586,-0.058038749,0.803755438,-0.267137453,-0.105952383,0.095760098,0.010614373,-0.720137395,0.093250852,0.055972901,0.108535912,0.052870907,0.100959515,-2.864718642,-1.892922847,0.882289521,0.200760178,-7.132932391,0.004681971,0.060009423,0.378823685,0.841117913,2.46E-11,16.28526532,82.39071505,16.28526532,63.22225093,16.28526532
11236,-73.9015,40.64,0.251611742,0.013498039,0.683235914,-0.431624172,0.879902823,-0.026164812,-0.114800953,0.253902365,0.025136291,-0.526033865,0.090736247,0.054909894,0.119289576,0.052818996,0.10468338,-0.288361187,-2.090715268,2.128453913,0.475894899,-5.024998836,0.773409592,0.03799001,0.034690812,0.634739435,1.23E-06,13.3079335,114.6746009,13.3079335,68.30088429,13.3079335
11237,-73.9209,40.7042,0.23276114,0.138596663,0.330917308,-0.098156168,0.823451576,0.275281965,-0.113226074,0.193729581,0.05554503,-0.574474028,0.101659554,0.05490347,0.117685443,0.060275007,0.111567941,2.707880901,-2.062275363,1.64616435,0.921526717,-5.149095924,0.007439464,0.040650891,0.101514462,0.358036965,6.96E-07,12.39863989,134.1040046,12.39863989,79.14861606,12.39863989
11238,-73.9638,40.6792,0.752323428,0.89172265,0.355431763,0.396891665,0.742275245,0.320519745,-0.10746505,0.055152201,0.037418822,-0.577253302,0.105745669,0.055361688,0.112228334,0.057605089,0.112182021,3.03104371,-1.941144761,0.491428495,0.649574932,-5.145684634,0.002804979,0.053837967,0.623735699,0.516813688,7.07E-07,14.32630186,110.8677447,14.32630186,82.48376918,14.32630186
11239,-73.8824,40.6475,0.400002256,-0.423002853,0.599194847,-0.199192591,0.833235923,-0.074285467,-0.116197473,0.268083642,0.031800131,-0.452371217,0.094410193,0.054784415,0.123043787,0.052774441,0.10319374,-0.78683736,-2.120995025,2.178766184,0.6025669,-4.383707957,0.432435303,0.035322585,0.030678311,0.54757243,2.00E-05,13.12632849,121.1665857,13.12632849,67.09245328,13.12632849
11354,-73.8272,40.7686,-1.256506929,-1.242533674,-0.615520553,-0.640986376,0.696169231,-0.569297762,-0.117234868,0.558737781,0.118369397,-0.05004242,0.112476481,0.054815918,0.133804187,0.062763125,0.133859437,-5.06148269,-2.138701157,4.175786982,1.885970408,-0.373843051,1.04E-06,0.033838749,4.66E-05,0.060946213,0.708971048,13.25879443,139.4429199,13.25879443,75.74906476,13.25879443
11355,-73.821,40.7515,-1.32528274,-1.347652159,-0.351355806,-0.973926934,0.62490318,-0.616448609,-0.117603665,0.719421222,0.13115118,-0.16818078,0.114807704,0.054779001,0.158519654,0.06401534,0.120271393,-5.369401056,-2.146874958,4.538372391,2.048746145,-1.398343989,2.47E-07,0.033172092,1.05E-05,0.04197164,0.163769311,15.1560469,138.8351281,15.1560469,69.04141912,15.1560469
11356,-73.8415,40.7849,-1.013903514,-0.569582581,-0.520850646,-0.493052868,0.811179258,-0.298053916,-0.116630401,0.289111982,0.105381672,-0.165944986,0.106190934,0.054862374,0.114736165,0.062218768,0.135000285,-2.806773656,-2.125872304,2.519798206,1.693728027,-1.229219526,0.005568254,0.034908365,0.012632281,0.092085974,0.220630369,11.97082264,140.0081585,11.97082264,81.0031701,11.97082264
11357,-73.811,40.7864,-2.014725045,-1.095650839,-1.404109741,-0.610615303,0.777675485,-0.63283121,-0.117483972,0.634430097,0.120879765,-0.119540626,0.111070934,0.054836509,0.124970746,0.062382943,0.132184912,-5.697541077,-2.142440755,5.07662886,1.937705395,-0.904343952,5.02E-08,0.033532326,9.71E-07,0.054259706,0.367049254,12.97392579,136.6269954,12.97392579,76.36711574,12.97392579
11358,-73.7964,40.7605,-1.655989277,-0.916570791,-1.562328103,-0.093661174,0.695967409,-0.789310706,-0.118132771,0.916561382,0.138989385,-0.353910843,0.121424444,0.054779832,0.157700105,0.063870654,0.117196355,-6.500426776,-2.156501155,5.8120531,2.176107116,-3.019811003,7.97E-10,0.032401542,2.84E-08,0.03087985,0.002905714,15.07521126,135.3520587,15.07521126,68.59922457,15.07521126
11360,-73.7808,40.7821,-1.897720636,-1.338217823,-1.834283842,-0.063436794,0.73903768,-0.838910337,-0.118234499,0.970168928,0.136552414,-0.364823978,0.117887749,0.054809524,0.155245693,0.063220065,0.120969041,-7.116179094,-2.157188913,6.249248604,2.159953726,-3.015845845,2.70E-11,0.032347085,3.02E-09,0.032128966,0.002942062,13.09775024,132.3986794,13.09775024,69.24666035,13.09775024
11361,-73.7724,40.7638,-2.182048446,-1.709564297,-1.614409484,-0.567638961,0.729141585,-0.804217713,-0.118617293,0.943622956,0.145528805,-0.561176172,0.119109138,0.05477475,0.15683439,0.064037028,0.107926407,-6.751939651,-2.16554696,6.016683962,2.272572753,-5.199618771,2.04E-10,0.031691594,1.01E-08,0.024261284,5.50E-07,16.58119113,131.348923,16.58119113,65.38834339,16.58119113
11362,-73.737,40.7565,-2.259720118,-1.425138308,-1.937068658,-0.322651459,0.773329565,-0.756782022,-0.119346037,0.914872929,0.152523555,-0.687360661,0.116833625,0.0547538,0.159350103,0.064347852,0.101762889,-6.477433361,-2.179685002,5.741276048,2.370297525,-6.754531726,9.02E-10,0.030608937,4.04E-08,0.018855673,2.01E-10,17.7877806,124.7238407,17.7877806,58.4657214,17.7877806
11363,-73.7464,40.7728,-2.081488703,-1.125970627,-2.196167492,0.114678789,0.761883905,-0.777549351,-0.118998308,0.933064405,0.148420269,-0.633442152,0.115204239,0.05478082,0.156926576,0.06398447,0.10254507,-6.749312005,-2.172262272,5.945866075,2.319629577,-6.177207293,2.07E-10,0.031173289,1.44E-08,0.021508988,4.40E-09,16.72315877,126.5987162,16.72315877,61.80432084,16.72315877
11364,-73.7606,40.7453,-2.152401763,-1.488272036,-1.476322187,-0.676079576,0.755798249,-0.728301233,-0.119068113,0.885578646,0.151688235,-0.644384269,0.117173955,0.054741565,0.156597642,0.064557908,0.100955746,-6.215555606,-2.175095144,5.655121208,2.349646069,-6.382838951,3.60E-09,0.030956851,6.19E-08,0.019900127,1.49E-09,20.43428028,128.872195,20.43428028,60.84598029,20.43428028
11365,-73.7948,40.7398,-1.290376866,-0.848096918,-1.046483757,-0.243893109,0.700634738,-0.70366206,-0.118417865,0.833550548,0.147132106,-0.485275728,0.121377458,0.054743736,0.156599826,0.064867838,0.107880657,-5.797304291,-2.163130853,5.322806345,2.268182684,-4.498264495,3.06E-08,0.031879889,3.08E-07,0.024533112,1.24E-05,17.41923301,134.6396501,17.41923301,63.99694886,17.41923301
11366,-73.785,40.7281,-1.587074999,-1.442087471,-0.93429304,-0.652781959,0.722894452,-0.658983942,-0.118786881,0.802246961,0.149489654,-0.588690658,0.119698119,0.054721371,0.155936102,0.064794815,0.103208132,-5.5053826,-2.170758487,5.14471601,2.307123732,-5.703917351,1.29E-07,0.031288713,7.10E-07,0.022212307,4.86E-08,19.62971119,132.2933615,19.62971119,60.94926991,19.62971119
11367,-73.8263,40.7304,-1.0720203,-0.716697468,-0.765252207,-0.306768093,0.553792549,-0.490813016,-0.117697655,0.565563927,0.141353211,-0.279366832,0.10943194,0.054745645,0.154976239,0.066113683,0.107792801,-4.48509838,-2.149899887,3.649358966,2.13803263,-2.591702138,1.31E-05,0.032928268,0.000346285,0.033893782,0.010352127,17.58155386,138.6221583,17.58155386,61.15238783,17.58155386
11368,-73.8526,40.7496,-0.2500976,0.648964578,-0.674244123,0.424146522,0.564605563,-0.244404642,-0.116615885,0.27878753,0.108380964,-0.097843943,0.103475117,0.054805179,0.133960785,0.063590011,0.124374877,-2.361965356,-2.127826021,2.081112993,1.704370882,-0.78668575,0.019271111,0.034743617,0.038871209,0.090076494,0.432523838,13.50208469,142.0053994,13.50208469,71.42267188,13.50208469
11369,-73.8728,40.7689,-0.104971187,-0.435086425,0.24083559,-0.345806776,0.728386113,0.092543461,-0.11564728,0.163923132,0.089027465,-0.304278828,0.102466085,0.05487235,0.116699847,0.062898833,0.132719882,0.903161872,-2.107569287,1.404655938,1.415407273,-2.292639376,0.367674449,0.036484727,0.161886014,0.158716163,0.023052036,12.25071821,142.5749717,12.25071821,80.42601106,12.25071821
11370,-73.8873,40.7758,1.476339542,0.957527402,0.494894794,0.981444748,0.7567694,0.316458418,-0.114954898,0.157021885,0.079725219,-0.451623392,0.105195658,0.05491373,0.122103086,0.062890056,0.146943199,3.008284037,-2.093372583,1.285978025,1.267691963,-3.073455556,0.003012541,0.037749197,0.200140007,0.206582557,0.002452941,11.90355661,142.0799049,11.90355661,84.34893852,11.90355661
11372,-73.8836,40.7517,0.564942432,1.425053679,-0.249473175,0.814415607,0.603486165,0.172265228,-0.115313614,0.176491302,0.083838989,-0.363962497,0.102151725,0.05485681,0.109895441,0.063765413,0.134680141,1.686366317,-2.102083848,1.605992934,1.314803508,-2.702421424,0.093497075,0.036968922,0.110068169,0.190286582,0.007557694,12.90295116,142.9133343,12.90295116,73.77702683,12.90295116
11373,-73.8785,40.7388,-0.170064837,0.073779655,0.108613124,-0.278677961,0.523174895,0.083168344,-0.115660263,0.196659727,0.091138005,-0.332140128,0.096790885,0.054822919,0.121597954,0.06453901,0.131975964,0.859258021,-2.10970639,1.617294707,1.412138248,-2.516671345,0.391366993,0.036297567,0.107605555,0.159674926,0.012740907,13.67225804,142.5993175,13.67225804,65.59919667,13.67225804
11374,-73.8615,40.7265,-0.492410155,-0.069088828,-0.311984286,-0.180425869,0.512187866,-0.127511548,-0.116515679,0.225484756,0.112772637,-0.238058954,0.099720996,0.054774599,0.146722463,0.065596984,0.121627865,-1.278683053,-2.127184515,1.536811417,1.719174121,-1.957273151,0.202692209,0.034797638,0.126135308,0.087340826,0.051896921,13.88168208,141.3604237,13.88168208,59.37802676,13.88168208
11375,-73.8462,40.7209,-0.836810457,-0.22926056,-0.643562251,-0.193248206,0.505881158,-0.293387722,-0.117159313,0.315541952,0.131941808,-0.247636414,0.102366721,0.054747093,0.149448424,0.066713021,0.107678106,-2.866045921,-2.140009745,2.111376917,1.977751967,-2.299784264,0.004663271,0.03373125,0.036151843,0.049517692,0.022634399,16.47212139,139.8385353,16.47212139,57.11304123,16.47212139
11377,-73.9052,40.7448,-0.269608043,0.589885648,-0.078910761,-0.190697282,0.656227077,0.31484072,-0.114214411,0.260421529,0.070007224,-0.505696354,0.102278825,0.05489392,0.107684593,0.063951608,0.125766412,3.078259057,-2.080638654,2.418373148,1.09469059,-4.020917399,0.002415751,0.038915189,0.016609459,0.275148059,8.59E-05,14.00008765,141.5480515,14.00008765,76.36197234,14.00008765
11378,-73.9094,40.7248,-1.097862909,-0.151702912,-0.464397301,-0.633465608,0.714859887,0.265805501,-0.114040621,0.220642008,0.068206455,-0.517894424,0.102657349,0.054875231,0.124256725,0.063593714,0.122640106,2.589249623,-2.078180223,1.775694698,1.072534541,-4.222879789,0.010423367,0.039143816,0.077511286,0.284948423,3.86E-05,11.82670521,139.5458808,11.82670521,74.51148604,11.82670521
11379,-73.8796,40.7168,-0.976740548,0.053096167,-0.686788082,-0.289952466,0.643322982,0.046234114,-0.115799754,0.242322348,0.095161843,-0.421678885,0.09454588,0.05478873,0.120582846,0.064565615,0.12490971,0.489012462,-2.113568876,2.009592201,1.473878056,-3.375869544,0.625441707,0.035961398,0.046002058,0.14230078,0.00090546,13.38106858,140.5948285,13.38106858,60.42060107,13.38106858
11385,-73.8902,40.7011,-0.553834137,0.671676296,-0.884885723,0.331051586,0.765729186,0.077320465,-0.1153599,0.240855436,0.071682601,-0.494432194,0.09333479,0.054793685,0.113522933,0.059963074,0.11336188,0.828420621,-2.105350255,2.121645653,1.195445743,-4.361538413,0.408554322,0.036679938,0.035267085,0.233521171,2.19E-05,13.26518581,137.5283226,13.26518581,68.34191613,13.26518581
11411,-73.736,40.6942,-0.039937209,0.27923625,-0.561655207,0.521717998,0.781996636,-0.602993382,-0.120151162,0.796200173,0.129842792,-0.704058933,0.114791663,0.054669565,0.160494419,0.061279068,0.100358806,-5.252937088,-2.197770578,4.960921261,2.118876736,-7.015417592,4.29E-07,0.029270798,1.64E-06,0.035503801,4.75E-11,18.90967385,119.6393489,18.90967385,51.52278097,18.90967385
11412,-73.759,40.6981,0.290987046,0.208481585,-0.125767506,0.416754552,0.759745526,-0.588213755,-0.119706031,0.765671425,0.133347372,-0.682413433,0.11654874,0.054674556,0.160405512,0.061938467,0.100789824,-5.046933614,-2.189428499,4.773348579,2.152900745,-6.770658063,1.11E-06,0.029881582,3.79E-06,0.032687915,1.84E-10,19.8047291,124.431836,19.8047291,54.24530965,19.8047291
11413,-73.7508,40.6698,0.074783842,0.011529084,-0.008182117,0.082965959,0.758270813,-0.508346012,-0.120246768,0.711638561,0.107271551,-0.686097635,0.112093283,0.054643199,0.159915593,0.059225838,0.100703565,-4.535026531,-2.200580686,4.450088628,1.811228909,-6.813042153,1.06E-05,0.029067504,1.52E-05,0.071810464,1.46E-10,17.01466441,118.2336085,17.01466441,49.19923108,17.01466441
11414,-73.8449,40.6583,-1.057912171,-0.307891724,-0.827839001,-0.23007317,0.662659307,-0.246499049,-0.117961918,0.309366178,0.051287446,-0.399599978,0.106713801,0.054682098,0.13533489,0.05339366,0.101224987,-2.309907877,-2.157231009,2.285930683,0.960553095,-3.947641694,0.022054007,0.032343755,0.023450305,0.338094685,0.000113961,13.7582093,126.4423852,13.7582093,62.43886087,13.7582093
11415,-73.8282,40.7083,0.382673194,0.566558697,-0.639888091,1.022561285,0.534055517,-0.401701753,-0.117910325,0.413722673,0.13965495,-0.36118824,0.111662987,0.05471196,0.158997734,0.065567577,0.10801202,-3.597447687,-2.155110612,2.602066466,2.129939156,-3.343963373,0.000417386,0.032511886,0.010055869,0.034566179,0.001009188,16.77128257,136.5365388,16.77128257,56.33878517,16.77128257
11416,-73.8496,40.6847,-0.067861125,-0.048948618,-0.082220622,0.014359497,0.63580645,-0.23716343,-0.117455869,0.307056704,0.085765716,-0.386562856,0.104760685,0.054703126,0.131042071,0.057330006,0.102015944,-2.263859094,-2.147150969,2.343191778,1.49600048,-3.789239616,0.024803422,0.03314978,0.020236841,0.136444549,0.000207295,16.21354943,133.9947509,16.21354943,58.88887701,16.21354943
11417,-73.8445,40.6765,-0.308204074,-0.170665522,-0.22573143,-0.082472644,0.631313581,-0.262343739,-0.11775135,0.320012818,0.075331277,-0.401253448,0.107401562,0.054689973,0.135156176,0.055688616,0.102693979,-2.442643605,-2.153070167,2.367726196,1.352723092,-3.907273361,0.015568172,0.03267439,0.018983027,0.177879375,0.00013296,15.60199962,131.7037085,15.60199962,59.48019961,15.60199962
11418,-73.8361,40.7002,-0.337659467,0.245499956,-0.57647083,0.238811363,0.522552688,-0.334778301,-0.117756052,0.349420949,0.119764592,-0.362338398,0.109458273,0.054706884,0.152482758,0.062238494,0.107036846,-3.058501577,-2.15249056,2.291544002,1.924284873,-3.385174469,0.002572127,0.032720679,0.023116657,0.055932031,0.000877141,16.60013705,136.1103366,16.60013705,57.69324945,16.60013705
11419,-73.8229,40.6887,-0.76517389,-0.76810061,-0.047992853,-0.717181037,0.519872285,-0.379843561,-0.118324842,0.416926131,0.111465075,-0.447505241,0.114056026,0.054682488,0.156119057,0.060089791,0.108968555,-3.330324358,-2.163852566,2.670565274,1.854975252,-4.106737408,0.001056828,0.031823543,0.008282084,0.065272464,6.14E-05,16.11598338,132.635356,16.11598338,56.14237866,16.11598338
11420,-73.8178,40.6735,-0.49070285,-0.55667094,-0.029676412,-0.461026438,0.555903545,-0.369495348,-0.118681593,0.435882731,0.085456703,-0.492053985,0.113165465,0.054663602,0.150218876,0.056474276,0.107539949,-3.265089293,-2.171126461,2.901650874,1.513196959,-4.575546035,0.001315118,0.031260435,0.004186389,0.132023278,8.94E-06,15.28169543,128.7377156,15.28169543,57.05787599,15.28169543
11421,-73.8587,40.6941,-0.044544009,0.588504526,-0.458881618,0.414337609,0.637256711,-0.175183956,-0.116978724,0.28358915,0.091745071,-0.375451028,0.099814237,0.05472484,0.124322196,0.059229239,0.102610371,-1.755099885,-2.137579996,2.281082213,1.548982763,-3.658996901,0.080982174,0.033931086,0.023741877,0.123182148,0.000334411,16.41131419,136.4647272,16.41131419,60.12782315,16.41131419
11422,-73.7361,40.6608,-0.357221358,-0.381357713,-0.119468657,-0.237752701,0.769805843,-0.506294061,-0.120616231,0.723989007,0.100485562,-0.693041805,0.110787237,0.05463593,0.159163794,0.05862779,0.100342442,-4.569967401,-2.207635723,4.548704122,1.713957864,-6.906766355,9.16E-06,0.028562507,1.00E-05,0.088296983,8.70E-11,15.98730553,113.9465842,15.98730553,46.72541053,15.98730553
11423,-73.7685,40.7156,0.105549401,0.260122574,-0.517818454,0.623367855,0.748659539,-0.632636669,-0.119291878,0.796282391,0.146682695,-0.654095243,0.117406387,0.054698964,0.157381525,0.063959225,0.100495988,-5.38843486,-2.180880028,5.059567144,2.293378259,-6.508670206,2.26E-07,0.03051891,1.05E-06,0.023008536,7.63E-10,21.36889735,128.2704088,21.36889735,57.29751008,21.36889735
11426,-73.7224,40.7365,-1.963990776,-1.319552195,-1.443387951,-0.520602825,0.784850102,-0.705171133,-0.119814839,0.877484316,0.151065251,-0.696834376,0.115731541,0.054723657,0.159360983,0.063927691,0.099703246,-6.093162926,-2.189452345,5.506268233,2.363064414,-6.989084132,6.79E-09,0.02987982,1.28E-07,0.019215855,5.50E-11,19.23455693,121.0826783,19.23455693,54.28534821,19.23455693
11427,-73.7456,40.7309,-0.737308974,-0.4035882,-1.029757707,0.292448733,0.771360492,-0.692816863,-0.119514868,0.860507172,0.150373126,-0.681321417,0.116577278,0.054717663,0.158352741,0.064065281,0.09989243,-5.942983681,-2.184210036,5.43411606,2.347185938,-6.820551064,1.47E-08,0.030269256,1.81E-07,0.020027883,1.40E-10,20.92442457,125.2647859,20.92442457,57.03886723,20.92442457
11428,-73.7422,40.721,-0.618752787,-0.426765697,-0.794761629,0.176008842,0.774750686,-0.66828662,-0.119697765,0.843095397,0.147396627,-0.685285521,0.11596906,0.054703586,0.158590383,0.063616701,0.09959014,-5.762628585,-2.188115513,5.316182378,2.316948607,-6.881057937,3.63E-08,0.029978715,3.18E-07,0.021658095,1.00E-10,21.20118841,123.8446761,21.20118841,55.30026251,21.20118841
11429,-73.7333,40.714,0.059084377,-0.023425025,-0.234417888,0.293502265,0.781573477,-0.655789806,-0.119931736,0.837384305,0.143007739,-0.696611343,0.115552716,0.054693996,0.159439345,0.062891163,0.099738588,-5.675243537,-2.192776981,5.252055619,2.273892405,-6.984371403,5.61E-08,0.029635101,4.30E-07,0.024180089,5.65E-11,20.32376457,121.4710398,20.32376457,53.52841061,20.32376457
11432,-73.7931,40.7154,0.220933748,0.162579441,-0.234320478,0.455254225,0.696753313,-0.583566256,-0.118765914,0.706055911,0.148480414,-0.570706121,0.120034002,0.054704683,0.158047508,0.06502369,0.104829946,-4.861674575,-2.171037439,4.467365043,2.283481816,-5.444113468,2.57E-06,0.031267274,1.41E-05,0.023597178,1.73E-07,18.49828055,132.4901363,18.49828055,58.34114285,18.49828055
11433,-73.7871,40.6982,0.356988101,-0.047835715,0.378624866,-0.021636765,0.707133613,-0.529462711,-0.11913211,0.664306647,0.131137975,-0.61610365,0.118177741,0.054678951,0.159437249,0.061991415,0.103025106,-4.480223671,-2.178756337,4.166571176,2.115421555,-5.980131181,1.34E-05,0.030679056,4.84E-05,0.035801103,1.21E-08,18.69842367,129.294089,18.69842367,56.6429596,18.69842367
11434,-73.7834,40.6569,0.239979081,0.05193383,0.286834553,-0.046855472,0.650506531,-0.402113491,-0.119798584,0.568218778,0.081012552,-0.616832283,0.109282673,0.054635845,0.154813251,0.056800052,0.101872951,-3.679572262,-2.192673762,3.670349768,1.426276008,-6.054917168,0.000310335,0.029642672,0.000320917,0.155560083,8.27E-09,15.16870267,120.3853183,15.16870267,50.95995852,15.16870267
11435,-73.8096,40.7013,-0.054977802,0.071081621,-0.197332175,0.142354373,0.611962517,-0.468491117,-0.118537436,0.531768048,0.136017242,-0.494899868,0.118022393,0.054691058,0.161783021,0.063615634,0.109119643,-3.969510416,-2.167400668,3.286921244,2.138110293,-4.535387522,0.000104777,0.03154778,0.001222763,0.033887385,1.06E-05,16.55591529,133.1639134,16.55591529,56.44005405,16.55591529
11436,-73.7966,40.6758,0.082037005,-0.032837861,0.101968608,-0.019931603,0.606798123,-0.431258635,-0.119218843,0.554250491,0.104020686,-0.587274941,0.114509632,0.054655616,0.155920108,0.058993065,0.104636383,-3.766134134,-2.181273441,3.554708226,1.763269749,-5.612530961,0.000225855,0.030489323,0.000486024,0.079590355,7.63E-08,16.07276751,126.6408765,16.07276751,53.09668686,16.07276751
11691,-73.7614,40.6013,0.443713334,0.264074714,0.055886291,0.387827043,0.629316888,-0.310844273,-0.121098262,0.513479966,0.038904828,-0.587964447,0.108553181,0.054624461,0.153443614,0.054362113,0.097332967,-2.863520615,-2.216923689,3.346375609,0.715660695,-6.040753383,0.004698909,0.027909311,0.001000974,0.475149265,8.90E-09,11.344833,101.2527003,11.344833,47.44024785,11.344833
11692,-73.7922,40.5928,0.495918667,-0.374075022,0.619909613,-0.123990946,0.607039125,-0.262132254,-0.120566252,0.426256737,0.026526371,-0.512308573,0.107243629,0.054660567,0.140426324,0.053603822,0.094486881,-2.444268783,-2.205726345,3.035447527,0.494859704,-5.422007466,0.015500561,0.028698422,0.002766371,0.62131635,1.92E-07,10.99312251,100.081457,10.99312251,51.91834934,10.99312251
11693,-73.8167,40.5965,-0.176524011,-0.005598777,-0.557611659,0.381087648,0.682632282,-0.241350146,-0.119803555,0.370912553,0.021435487,-0.459559811,0.103448919,0.054696391,0.131408142,0.053408815,0.092764275,-2.333036915,-2.190337467,2.82259947,0.401347363,-4.954060266,0.020776762,0.029814498,0.005312153,0.688651273,1.70E-06,11.1915463,101.9983995,11.1915463,54.52933981,11.1915463
11694,-73.8446,40.5776,-0.384872772,0.260393515,-0.983192589,0.598319816,0.803007378,-0.219343738,-0.118870955,0.33900537,0.011515622,-0.473303937,0.100976815,0.054884483,0.13026811,0.053165018,0.09554945,-2.172218812,-2.16583903,2.602366534,0.21660149,-4.95349726,0.03117662,0.031668897,0.010047407,0.828769785,1.70E-06,9.505496224,91.42439677,9.505496224,56.49738797,9.505496224
11697,-73.9072,40.5591,-2.26778611,-3.028686843,-1.722066726,-0.545719383,0.821783795,-0.286165559,-0.11206357,0.272330046,0.000778604,-0.654839495,0.096383708,0.055738109,0.121457423,0.053538826,0.104250301,-2.969024185,-2.010537697,2.242185286,0.01454279,-6.281415856,0.003404074,0.045900989,0.026198025,0.988413413,2.55E-09,10.41267132,76.01647151,10.41267132,53.97653779,10.41267132
